축제명,개최년도,전체_방문자수,일평균_방문자수,시작일,종료일,기간일수,주말일수,숙박일수,여행유형,연도,1일_평균지출액(원),1인당_평균지출액(원),예상_총지출액(원),평균기온(°C),강수량(mm),일조시간(시간),교통_접근성_지수,지역_인구수(천명),지역_1인당_GRDP(백만원),프로그램_개수,예산(원),예산대비_효율성,소비액_예산비율,축제카테고리,홍보강도지수,예산대비_효율성(1천명기준)
강진만춤추는갈대축제,2017,268502,53700,20170911,20170915,5,2,4,1,2017,12178.0,69598.0,2069613416,18.3,16.5,6.1,67.4,294.0,32.8,21,90000000,0.0029833555555555,23.0,자연/계절,0.53,2.98
강진만춤추는갈대축제,2018,401368,57338,20180918,20180924,7,2,4,1,2018,12178.0,69598.0,2237225232,18.3,16.5,6.1,67.4,294.0,32.8,21,140000000,0.0028669142857142,15.98,자연/계절,0.8,2.87
강진만춤추는갈대축제,2019,339690,84922,20190919,20190922,4,2,4,1,2019,12178.0,69598.0,2812972890,18.3,16.5,6.1,67.4,294.0,32.8,21,100000000,0.0033969,28.13,자연/계절,0.67,3.4
강진만춤추는갈대축제,2020,141914,23652,20201016,20201021,6,2,4,1,2020,12178.0,69598.0,1398988212,18.3,16.5,6.1,67.4,294.0,32.8,21,50000000,0.00283828,27.98,자연/계절,0.27,2.84
강진만춤추는갈대축제,2021,429670,71611,20210920,20210925,6,2,4,1,2021,12178.0,69598.0,4212914350,18.3,16.5,6.1,67.4,294.0,32.8,21,160000000,0.0026854375,26.33,자연/계절,0.86,2.69
강진만춤추는갈대축제,2022,194270,38854,20220911,20220915,5,2,4,1,2022,12178.0,69598.0,1895492390,18.3,16.5,6.1,67.4,294.0,32.8,21,70000000,0.0027752857142857,27.08,자연/계절,0.38,2.78
강진만춤추는갈대축제,2023,466036,155345,20230914,20230916,3,2,4,1,2023,12178.0,69598.0,2780370776,18.3,16.5,6.1,67.4,294.0,32.8,21,180000000,0.0025890888888888,15.45,자연/계절,0.93,2.59
강진만춤추는갈대축제,2024,333619,55603,20241011,20241016,6,2,4,1,2024,12178.0,69598.0,2243254156,18.3,16.5,6.1,67.4,294.0,32.8,21,120000000,0.0027801583333333,18.69,자연/계절,0.66,2.78
강진청자축제,2017,143025,15891,20170223,20170303,9,1,5,1,2017,10373.0,10373.0,1483641232,20.5,25.2,5.1,42.6,318.0,32.2,13,70000000,0.0020432142857142,21.19,일반/기타,0.27,2.04
강진청자축제,2018,153835,17092,20180223,20180303,9,1,5,1,2018,12161.0,138638.0,21327453647,16.2,13.4,4.9,44.6,279.0,25.7,14,70000000,0.0021976428571428,304.68,일반/기타,0.3,2.2
강진청자축제,2019,161701,17966,20190223,20190303,9,2,4,1,2019,8313.0,8313.0,1344317433,24.4,51.3,7.7,93.3,379.0,25.6,28,70000000,0.0023100142857142,19.2,일반/기타,0.31,2.31
강진청자축제,2020,97177,9717,20200223,20200303,10,1,5,1,2020,7787.0,7787.0,756804758,6.6,32.2,7.2,76.7,279.0,36.2,24,50000000,0.00194354,15.14,일반/기타,0.18,1.94
강진청자축제,2021,90660,10073,20210223,20210303,9,2,6,1,2021,11400.0,151631.0,13746920856,25.8,66.9,5.7,51.4,283.0,51.5,29,50000000,0.0018132,274.94,일반/기타,0.17,1.81
강진청자축제,2022,99600,11066,20220223,20220303,9,2,4,1,2022,10103.0,10103.0,1006298640,15.2,20.2,8.2,83.1,354.0,30.3,27,60000000,0.00166,16.77,일반/기타,0.19,1.66
강진청자축제,2023,76135,8459,20230223,20230303,9,2,2,1,2023,12210.0,69598.0,5298912251,3.7,12.0,1.8,69.7,159.0,35.2,39,40000000,0.001903375,132.47,일반/기타,0.14,1.9
강진청자축제,2024,56429,5642,20240223,20240303,10,0,2,1,2024,18708.0,18708.0,1055724518,25.1,3.6,8.4,67.9,539.0,29.6,19,30000000,0.0018809666666666,35.19,일반/기타,0.1,1.88
갯것한상축제,2017,101759,14537,20170718,20170724,7,2,4,1,2017,12178.0,69598.0,609434651,18.3,16.5,6.1,67.4,294.0,32.8,21,30000000,0.0033919666666666,20.31,일반/기타,0.19,3.39
갯것한상축제,2018,193501,27643,20180418,20180424,7,2,4,1,2018,12178.0,69598.0,1620764376,18.3,16.5,6.1,67.4,294.0,32.8,21,60000000,0.0032250166666666,27.01,일반/기타,0.38,3.23
갯것한상축제,2019,320178,80044,20190418,20190421,4,2,4,1,2019,12178.0,69598.0,1846786704,18.3,16.5,6.1,67.4,294.0,32.8,21,110000000,0.002910709090909,16.79,일반/기타,0.63,2.91
갯것한상축제,2020,357009,89252,20200515,20200518,4,2,4,1,2020,12178.0,69598.0,2556541449,18.3,16.5,6.1,67.4,294.0,32.8,21,120000000,0.002975075,21.3,일반/기타,0.71,2.98
갯것한상축제,2021,481758,80293,20210414,20210419,6,2,4,1,2021,12178.0,69598.0,4015452930,18.3,16.5,6.1,67.4,294.0,32.8,21,140000000,0.0034411285714285,28.68,일반/기타,0.96,3.44
갯것한상축제,2022,178623,44655,20220513,20220516,4,2,4,1,2022,12178.0,69598.0,1157655663,18.3,16.5,6.1,67.4,294.0,32.8,21,50000000,0.00357246,23.15,일반/기타,0.35,3.57
갯것한상축제,2023,313046,52174,20230912,20230917,6,2,4,1,2023,12178.0,69598.0,2135912858,18.3,16.5,6.1,67.4,294.0,32.8,21,90000000,0.0034782888888888,23.73,일반/기타,0.62,3.48
갯것한상축제,2024,209575,69858,20240918,20240920,3,2,4,1,2024,12178.0,69598.0,1971681600,18.3,16.5,6.1,67.4,294.0,32.8,21,80000000,0.0026196875,24.65,일반/기타,0.41,2.62
거북선축제,2017,163133,40783,20170504,20170507,4,2,4,1,2017,12178.0,69598.0,1454983227,18.3,16.5,6.1,67.4,294.0,32.8,21,50000000,0.00326266,29.1,일반/기타,0.31,3.26
거북선축제,2018,178222,44555,20180504,20180507,4,2,4,1,2018,12178.0,69598.0,1644097950,18.3,16.5,6.1,67.4,294.0,32.8,21,60000000,0.0029703666666666,27.4,일반/기타,0.35,2.97
거북선축제,2019,498872,124718,20190504,20190507,4,2,4,1,2019,12178.0,69598.0,2889466624,18.3,16.5,6.1,67.4,294.0,32.8,21,110000000,0.0045352,26.27,일반/기타,1.0,4.54
거북선축제,2020,218947,54736,20200504,20200507,4,2,4,1,2020,12178.0,69598.0,1342801951,18.3,16.5,6.1,67.4,294.0,32.8,21,70000000,0.0031278142857142,19.18,일반/기타,0.43,3.13
거북선축제,2021,111138,27784,20210504,20210507,4,2,4,1,2021,12178.0,69598.0,773520480,18.3,16.5,6.1,67.4,294.0,32.8,21,20000000,0.0055569,38.68,일반/기타,0.21,5.56
거북선축제,2022,348289,87072,20220504,20220507,4,2,4,1,2022,12178.0,69598.0,2076847307,18.3,16.5,6.1,67.4,294.0,32.8,21,100000000,0.00348289,20.77,일반/기타,0.69,3.48
거북선축제,2023,140108,35027,20230504,20230507,4,2,4,1,2023,12178.0,69598.0,1292216084,18.3,16.5,6.1,67.4,294.0,32.8,21,40000000,0.0035027,32.31,일반/기타,0.27,3.5
거북선축제,2024,305342,76335,20240504,20240507,4,2,4,1,2024,12178.0,69598.0,2453728312,18.3,16.5,6.1,67.4,294.0,32.8,21,80000000,0.003816775,30.67,일반/기타,0.6,3.82
겨울숭어축제,2017,111302,55651,20170120,20170121,2,2,4,1,2017,12178.0,69598.0,578436494,18.3,16.5,6.1,67.4,294.0,32.8,21,30000000,0.0037100666666666,19.28,일반/기타,0.21,3.71
겨울숭어축제,2018,445266,222633,20180120,20180121,2,2,4,1,2018,12178.0,69598.0,3132446310,18.3,16.5,6.1,67.4,294.0,32.8,21,100000000,0.00445266,31.32,일반/기타,0.89,4.45
겨울숭어축제,2019,151356,75678,20190120,20190121,2,2,4,1,2019,12178.0,69598.0,926298720,18.3,16.5,6.1,67.4,294.0,32.8,21,50000000,0.00302712,18.53,일반/기타,0.29,3.03
겨울숭어축제,2020,381173,190586,20200120,20200121,2,2,4,1,2020,12178.0,69598.0,3663834876,18.3,16.5,6.1,67.4,294.0,32.8,21,90000000,0.0042352555555555,40.71,일반/기타,0.76,4.24
겨울숭어축제,2021,146197,73098,20210120,20210121,2,2,4,1,2021,12178.0,69598.0,1448812270,18.3,16.5,6.1,67.4,294.0,32.8,21,40000000,0.003654925,36.22,일반/기타,0.28,3.65
겨울숭어축제,2022,426579,213289,20220120,20220121,2,2,4,1,2022,12178.0,69598.0,3719342301,18.3,16.5,6.1,67.4,294.0,32.8,21,120000000,0.003554825,30.99,일반/기타,0.85,3.55
겨울숭어축제,2023,184291,92145,20230120,20230121,2,2,4,1,2023,12178.0,69598.0,1613651996,18.3,16.5,6.1,67.4,294.0,32.8,21,70000000,0.0026327285714285,23.05,일반/기타,0.36,2.63
겨울숭어축제,2024,332050,166025,20240120,20240121,2,2,4,1,2024,12178.0,69598.0,2309407750,18.3,16.5,6.1,67.4,294.0,32.8,21,80000000,0.004150625,28.87,일반/기타,0.66,4.15
고비산산벚꽃축제,2017,432486,144162,20170417,20170419,3,2,4,1,2017,12178.0,69598.0,3888049140,18.3,16.5,6.1,67.4,294.0,32.8,21,110000000,0.0039316909090909,35.35,자연/계절,0.86,3.93
고비산산벚꽃축제,2018,456601,65228,20180417,20180423,7,2,4,1,2018,12178.0,69598.0,4215340432,18.3,16.5,6.1,67.4,294.0,32.8,21,130000000,0.0035123153846153,32.43,자연/계절,0.91,3.51
고비산산벚꽃축제,2019,141786,20255,20190317,20190323,7,2,4,1,2019,12178.0,69598.0,1175973084,18.3,16.5,6.1,67.4,294.0,32.8,21,40000000,0.00354465,29.4,자연/계절,0.27,3.54
고비산산벚꽃축제,2020,437054,87410,20200314,20200318,5,2,4,1,2020,12178.0,69598.0,3350893018,18.3,16.5,6.1,67.4,294.0,32.8,21,140000000,0.0031218142857142,23.93,자연/계절,0.87,3.12
고비산산벚꽃축제,2021,234055,58513,20210419,20210422,4,2,4,1,2021,12178.0,69598.0,2171562290,18.3,16.5,6.1,67.4,294.0,32.8,21,70000000,0.0033436428571428,31.02,자연/계절,0.46,3.34
고비산산벚꽃축제,2022,368784,61464,20220311,20220316,6,2,4,1,2022,12178.0,69598.0,2183201280,18.3,16.5,6.1,67.4,294.0,32.8,21,80000000,0.0046098,27.29,자연/계절,0.73,4.61
고비산산벚꽃축제,2023,354444,88611,20230517,20230520,4,2,4,1,2023,12178.0,69598.0,2173096164,18.3,16.5,6.1,67.4,294.0,32.8,21,100000000,0.00354444,21.73,자연/계절,0.7,3.54
고비산산벚꽃축제,2024,225341,45068,20240318,20240322,5,2,4,1,2024,12178.0,69598.0,2220510214,18.3,16.5,6.1,67.4,294.0,32.8,21,50000000,0.00450682,44.41,자연/계절,0.44,4.51
곡성기차마을축제,2017,143858,23976,20171013,20171018,6,1,5,1,2017,11810.0,134637.0,19368667089,23.5,27.6,7.5,63.4,491.0,27.2,39,80000000,0.001798225,242.11,문화/역사,0.28,1.8
곡성기차마을축제,2018,120803,30200,20180319,20180322,4,2,3,1,2018,14694.0,14694.0,1775175924,19.5,24.5,4.3,67.3,235.0,42.8,35,70000000,0.0017257571428571,25.36,문화/역사,0.23,1.73
곡성기차마을축제,2019,77892,15578,20190713,20190717,5,2,4,1,2019,12718.0,12718.0,990700558,8.3,19.6,7.5,66.8,320.0,25.8,8,60000000,0.0012982,16.51,문화/역사,0.14,1.3
곡성기차마을축제,2020,80934,11562,20200518,20200524,7,2,6,1,2020,11214.0,11214.0,907666716,18.3,35.2,5.5,78.5,117.0,34.3,21,60000000,0.0013489,15.13,문화/역사,0.15,1.35
곡성기차마을축제,2021,33730,5621,20210418,20210423,6,2,5,1,2021,12013.0,12013.0,405205236,14.5,9.4,6.1,76.4,505.0,42.3,35,20000000,0.0016865,20.26,문화/역사,0.05,1.69
곡성기차마을축제,2022,31220,7805,20220517,20220520,4,1,3,1,2022,13559.0,13559.0,423333834,14.0,17.7,4.8,46.7,163.0,24.1,35,20000000,0.001561,21.17,문화/역사,0.05,1.56
곡성기차마을축제,2023,65531,13106,20231017,20231021,5,1,4,1,2023,13143.0,124863.0,4172634375,16.4,17.7,7.9,86.1,50.0,34.3,33,40000000,0.001638275,104.32,문화/역사,0.12,1.64
곡성기차마을축제,2024,79701,15940,20240320,20240324,5,1,4,1,2024,13143.0,124863.0,3936130576,16.4,17.7,7.9,86.1,50.0,34.3,33,50000000,0.00159402,78.72,문화/역사,0.14,1.59
광주김치축제,2017,97211,19442,20170918,20170922,5,2,4,1,2017,10912.0,10912.0,1060824758,19.6,23.6,7.7,68.4,222.0,35.2,20,40000000,0.002430275,26.52,음식/미식,0.18,2.43
광주김치축제,2018,82072,11724,20180417,20180423,7,2,6,1,2018,13226.0,13226.0,7705700054,18.5,4.5,4.7,81.2,243.0,29.6,28,30000000,0.0027357333333333,256.86,음식/미식,0.15,2.74
광주김치축제,2019,111007,15858,20190711,20190717,7,2,6,1,2019,13226.0,13226.0,1468200783,18.5,4.5,4.7,81.2,243.0,29.6,28,50000000,0.00222014,29.36,음식/미식,0.21,2.22
광주김치축제,2020,101242,33747,20200519,20200521,3,0,2,1,2020,12521.0,71371.0,7225823775,26.2,28.2,8.5,64.1,50.0,20.0,10,50000000,0.00202484,144.52,음식/미식,0.19,2.02
광주김치축제,2021,113565,22713,20210410,20210414,5,2,4,1,2021,11687.0,11687.0,1327279581,20.2,1.5,6.2,50.9,340.0,38.0,19,50000000,0.0022713,26.55,음식/미식,0.21,2.27
광주김치축제,2022,139359,19908,20221012,20221018,7,2,6,1,2022,10552.0,10552.0,1470557975,11.8,16.9,8.2,68.2,168.0,31.3,13,60000000,0.00232265,24.51,음식/미식,0.27,2.32
광주김치축제,2023,216644,43328,20230313,20230317,5,1,4,1,2023,16629.0,157983.0,34226155709,17.2,35.5,10.5,46.2,298.0,46.2,36,70000000,0.0030949142857142,488.95,음식/미식,0.42,3.09
광주김치축제,2024,169717,33943,20240420,20240424,5,1,4,1,2024,13505.0,128300.0,21774843845,15.7,4.2,7.3,62.8,298.0,33.0,14,60000000,0.0028286166666666,362.91,음식/미식,0.33,2.83
군동풍동봄꽃축제,2017,359127,10882,20170404,20170506,33,2,4,1,2017,12178.0,69598.0,2829202506,18.3,16.5,6.1,67.4,294.0,32.8,21,210000000,0.0017101285714285,13.47,자연/계절,0.71,1.71
군동풍동봄꽃축제,2018,195257,5916,20180404,20180506,33,2,4,1,2018,12178.0,69598.0,1377538135,18.3,16.5,6.1,67.4,294.0,32.8,21,100000000,0.00195257,13.78,자연/계절,0.38,1.95
군동풍동봄꽃축제,2019,318803,9660,20190404,20190506,33,2,4,1,2019,12178.0,69598.0,2908439769,18.3,16.5,6.1,67.4,294.0,32.8,21,170000000,0.0018753117647058,17.11,자연/계절,0.63,1.88
군동풍동봄꽃축제,2020,247820,7509,20200404,20200506,33,2,4,1,2020,12178.0,69598.0,2384276220,18.3,16.5,6.1,67.4,294.0,32.8,21,120000000,0.0020651666666666,19.87,자연/계절,0.49,2.07
군동풍동봄꽃축제,2021,498342,15101,20210404,20210506,33,2,4,1,2021,12178.0,69598.0,3311980932,18.3,16.5,6.1,67.4,294.0,32.8,21,260000000,0.0019167,12.74,자연/계절,1.0,1.92
군동풍동봄꽃축제,2022,429211,13006,20220404,20220506,33,2,4,1,2022,12178.0,69598.0,3581765795,18.3,16.5,6.1,67.4,294.0,32.8,21,240000000,0.0017883791666666,14.92,자연/계절,0.86,1.79
군동풍동봄꽃축제,2023,266926,8088,20230404,20230506,33,2,4,1,2023,12178.0,69598.0,2557151080,18.3,16.5,6.1,67.4,294.0,32.8,21,150000000,0.0017795066666666,17.05,자연/계절,0.53,1.78
군동풍동봄꽃축제,2024,347736,10537,20240404,20240506,33,2,4,1,2024,12178.0,69598.0,1782147000,18.3,16.5,6.1,67.4,294.0,32.8,21,190000000,0.0018301894736842,9.38,자연/계절,0.69,1.83
금곡사벚꽃삼십리길축제,2017,318958,106319,20170416,20170418,3,2,4,1,2017,12178.0,69598.0,2408451858,18.3,16.5,6.1,67.4,294.0,32.8,21,90000000,0.0035439777777777,26.76,자연/계절,0.63,3.54
금곡사벚꽃삼십리길축제,2018,100846,20169,20180515,20180519,5,2,4,1,2018,12178.0,69598.0,619295286,18.3,16.5,6.1,67.4,294.0,32.8,21,20000000,0.0050423,30.96,자연/계절,0.19,5.04
금곡사벚꽃삼십리길축제,2019,276659,92219,20190320,20190322,3,2,4,1,2019,12178.0,69598.0,2670865986,18.3,16.5,6.1,67.4,294.0,32.8,21,80000000,0.0034582375,33.39,자연/계절,0.55,3.46
금곡사벚꽃삼십리길축제,2020,341983,48854,20200512,20200518,7,2,4,1,2020,12178.0,69598.0,2365496411,18.3,16.5,6.1,67.4,294.0,32.8,21,110000000,0.0031089363636363,21.5,자연/계절,0.68,3.11
금곡사벚꽃삼십리길축제,2021,467436,93487,20210312,20210316,5,2,4,1,2021,12178.0,69598.0,4087260384,18.3,16.5,6.1,67.4,294.0,32.8,21,120000000,0.0038953,34.06,자연/계절,0.93,3.9
금곡사벚꽃삼십리길축제,2022,182180,45545,20220520,20220523,4,2,4,1,2022,12178.0,69598.0,1315157420,18.3,16.5,6.1,67.4,294.0,32.8,21,70000000,0.0026025714285714,18.79,자연/계절,0.35,2.6
금곡사벚꽃삼십리길축제,2023,108512,15501,20230510,20230516,7,2,4,1,2023,12178.0,69598.0,800384512,18.3,16.5,6.1,67.4,294.0,32.8,21,40000000,0.0027128,20.01,자연/계절,0.2,2.71
금곡사벚꽃삼십리길축제,2024,193070,38614,20240412,20240416,5,2,4,1,2024,12178.0,69598.0,1675268390,18.3,16.5,6.1,67.4,294.0,32.8,21,50000000,0.0038614,33.51,자연/계절,0.38,3.86
길동무꽃길축제,2017,442579,73763,20170411,20170416,6,2,4,1,2017,12178.0,69598.0,2604134836,18.3,16.5,6.1,67.4,294.0,32.8,21,150000000,0.0029505266666666,17.36,자연/계절,0.88,2.95
길동무꽃길축제,2018,439273,87854,20180418,20180422,5,2,4,1,2018,12178.0,69598.0,4094463633,18.3,16.5,6.1,67.4,294.0,32.8,21,170000000,0.0025839588235294,24.09,자연/계절,0.88,2.58
길동무꽃길축제,2019,286626,40946,20190317,20190323,7,2,4,1,2019,12178.0,69598.0,1947910296,18.3,16.5,6.1,67.4,294.0,32.8,21,60000000,0.0047771,32.47,자연/계절,0.57,4.78
길동무꽃길축제,2020,408744,81748,20200512,20200516,5,2,4,1,2020,12178.0,69598.0,2825647272,18.3,16.5,6.1,67.4,294.0,32.8,21,130000000,0.0031441846153846,21.74,자연/계절,0.81,3.14
길동무꽃길축제,2021,107657,21531,20210516,20210520,5,2,4,1,2021,12178.0,69598.0,832942209,18.3,16.5,6.1,67.4,294.0,32.8,21,40000000,0.002691425,20.82,자연/계절,0.2,2.69
길동무꽃길축제,2022,259903,51980,20220311,20220315,5,2,4,1,2022,12178.0,69598.0,2357060307,18.3,16.5,6.1,67.4,294.0,32.8,21,80000000,0.0032487875,29.46,자연/계절,0.51,3.25
길동무꽃길축제,2023,422648,140882,20230317,20230319,3,2,4,1,2023,12178.0,69598.0,4089119400,18.3,16.5,6.1,67.4,294.0,32.8,21,110000000,0.0038422545454545,37.17,자연/계절,0.84,3.84
길동무꽃길축제,2024,342615,68523,20240410,20240414,5,2,4,1,2024,12178.0,69598.0,2631968430,18.3,16.5,6.1,67.4,294.0,32.8,21,90000000,0.0038068333333333,29.24,자연/계절,0.68,3.81
나주배축제,2017,202302,28900,20170518,20170524,7,2,6,1,2017,10556.0,140402.0,28403706555,22.9,32.9,6.7,70.1,153.0,31.2,37,70000000,0.0028900285714285,405.77,일반/기타,0.39,2.89
나주배축제,2018,77810,19452,20180918,20180921,4,2,3,1,2018,11576.0,87983.0,6845996135,22.0,15.7,6.1,56.8,50.0,21.3,10,40000000,0.00194525,171.15,일반/기타,0.14,1.95
나주배축제,2019,113567,18927,20190317,20190322,6,2,5,1,2019,12200.0,12200.0,1385585540,13.8,11.2,6.6,52.9,104.0,28.3,7,60000000,0.0018927833333333,23.09,일반/기타,0.21,1.89
나주배축제,2020,72376,14475,20200916,20200920,5,0,4,1,2020,16371.0,155526.0,11256385964,10.8,77.6,6.1,87.4,169.0,17.4,8,30000000,0.0024125333333333,375.21,일반/기타,0.13,2.41
나주배축제,2021,38405,9601,20210320,20210323,4,1,3,1,2021,8813.0,66981.0,2572432188,12.2,5.5,9.8,90.7,189.0,21.2,25,10000000,0.0038405,257.24,일반/기타,0.06,3.84
나주배축제,2022,148412,29682,20220414,20220418,5,2,4,1,2022,12219.0,116089.0,17229015509,12.1,19.8,5.0,77.0,236.0,45.1,31,60000000,0.0024735333333333,287.15,일반/기타,0.28,2.47
나주배축제,2023,50126,16708,20231018,20231020,3,2,2,1,2023,11853.0,67566.0,3386843391,18.0,8.0,4.3,92.9,210.0,33.7,5,20000000,0.0025063,169.34,일반/기타,0.08,2.51
나주배축제,2024,81881,20470,20240517,20240520,4,2,3,1,2024,20109.0,152831.0,12514004239,15.5,5.5,7.2,73.2,244.0,23.8,7,40000000,0.002047025,312.85,일반/기타,0.15,2.05
나주축제,2017,216891,43378,20171009,20171013,5,2,4,1,2017,12178.0,69598.0,1360774134,18.3,16.5,6.1,67.4,294.0,32.8,21,90000000,0.0024099,15.12,일반/기타,0.42,2.41
나주축제,2018,322500,64500,20181009,20181013,5,2,4,1,2018,12178.0,69598.0,1703122500,18.3,16.5,6.1,67.4,294.0,32.8,21,120000000,0.0026875,14.19,일반/기타,0.64,2.69
나주축제,2019,494274,98854,20191009,20191013,5,2,4,1,2019,12178.0,69598.0,4363450872,18.3,16.5,6.1,67.4,294.0,32.8,21,190000000,0.0026014421052631,22.97,일반/기타,0.99,2.6
나주축제,2020,240272,48054,20201009,20201013,5,2,4,1,2020,12178.0,69598.0,1496654288,18.3,16.5,6.1,67.4,294.0,32.8,21,110000000,0.0021842909090909,13.61,일반/기타,0.47,2.18
나주축제,2021,348500,69700,20211009,20211013,5,2,4,1,2021,12178.0,69598.0,2174291500,18.3,16.5,6.1,67.4,294.0,32.8,21,160000000,0.002178125,13.59,일반/기타,0.69,2.18
나주축제,2022,226945,45389,20221009,20221013,5,2,4,1,2022,12178.0,69598.0,2012548260,18.3,16.5,6.1,67.4,294.0,32.8,21,80000000,0.0028368125,25.16,일반/기타,0.44,2.84
나주축제,2023,418647,83729,20231009,20231013,5,2,4,1,2023,12178.0,69598.0,3453419103,18.3,16.5,6.1,67.4,294.0,32.8,21,170000000,0.0024626294117647,20.31,일반/기타,0.83,2.46
나주축제,2024,385055,77011,20241009,20241013,5,2,4,1,2024,12178.0,69598.0,3620672165,18.3,16.5,6.1,67.4,294.0,32.8,21,140000000,0.0027503928571428,25.86,일반/기타,0.77,2.75
낙안읍성민속문화축제,2017,354079,118026,20171003,20171005,3,2,4,1,2017,12178.0,69598.0,2413402464,18.3,16.5,6.1,67.4,294.0,32.8,21,120000000,0.0029506583333333,20.11,문화/역사,0.7,2.95
낙안읍성민속문화축제,2018,465890,155296,20181003,20181005,3,2,4,1,2018,12178.0,69598.0,4199532460,18.3,16.5,6.1,67.4,294.0,32.8,21,160000000,0.0029118125,26.25,문화/역사,0.93,2.91
낙안읍성민속문화축제,2019,182074,60691,20191003,20191005,3,2,4,1,2019,12178.0,69598.0,1166912266,18.3,16.5,6.1,67.4,294.0,32.8,21,50000000,0.00364148,23.34,문화/역사,0.35,3.64
낙안읍성민속문화축제,2020,205864,68621,20201003,20201005,3,2,4,1,2020,12178.0,69598.0,1922975624,18.3,16.5,6.1,67.4,294.0,32.8,21,90000000,0.0022873777777777,21.37,문화/역사,0.4,2.29
낙안읍성민속문화축제,2021,105801,35267,20211003,20211005,3,2,4,1,2021,12178.0,69598.0,723784641,18.3,16.5,6.1,67.4,294.0,32.8,21,30000000,0.0035267,24.13,문화/역사,0.2,3.53
낙안읍성민속문화축제,2022,348710,116236,20221003,20221005,3,2,4,1,2022,12178.0,69598.0,3184071010,18.3,16.5,6.1,67.4,294.0,32.8,21,140000000,0.0024907857142857,22.74,문화/역사,0.69,2.49
낙안읍성민속문화축제,2023,177575,59191,20231003,20231005,3,2,4,1,2023,12178.0,69598.0,1094927450,18.3,16.5,6.1,67.4,294.0,32.8,21,70000000,0.0025367857142857,15.64,문화/역사,0.34,2.54
낙안읍성민속문화축제,2024,242038,80679,20241003,20241005,3,2,4,1,2024,12178.0,69598.0,2114443968,18.3,16.5,6.1,67.4,294.0,32.8,21,110000000,0.0022003454545454,19.22,문화/역사,0.48,2.2
녹동바다불꽃축제,2017,189818,47454,20170523,20170526,4,2,4,1,2017,12178.0,69598.0,1384342674,18.3,16.5,6.1,67.4,294.0,32.8,21,80000000,0.002372725,17.3,자연/계절,0.37,2.37
녹동바다불꽃축제,2018,254249,63562,20180523,20180526,4,2,4,1,2018,12178.0,69598.0,1500069100,18.3,16.5,6.1,67.4,294.0,32.8,21,110000000,0.0023113545454545,13.64,자연/계절,0.5,2.31
녹동바다불꽃축제,2019,421497,105374,20190523,20190526,4,2,4,1,2019,12178.0,69598.0,3112755345,18.3,16.5,6.1,67.4,294.0,32.8,21,140000000,0.0030106928571428,22.23,자연/계절,0.84,3.01
녹동바다불꽃축제,2020,403568,100892,20200523,20200526,4,2,4,1,2020,12178.0,69598.0,3871024256,18.3,16.5,6.1,67.4,294.0,32.8,21,120000000,0.0033630666666666,32.26,자연/계절,0.8,3.36
녹동바다불꽃축제,2021,384564,96141,20210523,20210526,4,2,4,1,2021,12178.0,69598.0,3567984792,18.3,16.5,6.1,67.4,294.0,32.8,21,160000000,0.002403525,22.3,자연/계절,0.77,2.4
녹동바다불꽃축제,2022,204131,51032,20220523,20220526,4,2,4,1,2022,12178.0,69598.0,1983949189,18.3,16.5,6.1,67.4,294.0,32.8,21,90000000,0.0022681222222222,22.04,자연/계절,0.4,2.27
녹동바다불꽃축제,2023,172930,43232,20230523,20230526,4,2,4,1,2023,12178.0,69598.0,1522475720,18.3,16.5,6.1,67.4,294.0,32.8,21,60000000,0.0028821666666666,25.37,자연/계절,0.33,2.88
녹동바다불꽃축제,2024,479504,119876,20240523,20240526,4,2,4,1,2024,12178.0,69598.0,2405192064,18.3,16.5,6.1,67.4,294.0,32.8,21,170000000,0.0028206117647058,14.15,자연/계절,0.96,2.82
다향대축제,2017,465464,93092,20170502,20170506,5,2,4,1,2017,12178.0,69598.0,2958023720,18.3,16.5,6.1,67.4,294.0,32.8,21,160000000,0.00290915,18.49,일반/기타,0.93,2.91
다향대축제,2018,489159,97831,20180502,20180506,5,2,4,1,2018,12178.0,69598.0,3139422462,18.3,16.5,6.1,67.4,294.0,32.8,21,180000000,0.00271755,17.44,일반/기타,0.98,2.72
다향대축제,2019,133742,26748,20190502,20190506,5,2,4,1,2019,12178.0,69598.0,1199933224,18.3,16.5,6.1,67.4,294.0,32.8,21,60000000,0.0022290333333333,20.0,일반/기타,0.25,2.23
다향대축제,2020,468676,93735,20200502,20200506,5,2,4,1,2020,12178.0,69598.0,3145284636,18.3,16.5,6.1,67.4,294.0,32.8,21,140000000,0.0033476857142857,22.47,일반/기타,0.94,3.35
다향대축제,2021,145648,29129,20210502,20210506,5,2,4,1,2021,12178.0,69598.0,1181350928,18.3,16.5,6.1,67.4,294.0,32.8,21,80000000,0.0018206,14.77,일반/기타,0.28,1.82
다향대축제,2022,184082,36816,20220502,20220506,5,2,4,1,2022,12178.0,69598.0,1213284462,18.3,16.5,6.1,67.4,294.0,32.8,21,100000000,0.00184082,12.13,일반/기타,0.36,1.84
다향대축제,2023,349690,69938,20230502,20230506,5,2,4,1,2023,12178.0,69598.0,2207243280,18.3,16.5,6.1,67.4,294.0,32.8,21,120000000,0.0029140833333333,18.39,일반/기타,0.69,2.91
다향대축제,2024,119623,23924,20240502,20240506,5,2,4,1,2024,12178.0,69598.0,801952592,18.3,16.5,6.1,67.4,294.0,32.8,21,30000000,0.0039874333333333,26.73,일반/기타,0.23,3.99
담양대나무축제,2017,334840,55806,20170515,20170520,6,2,6,1,2017,9093.0,120949.0,40498697096,23.7,33.6,3.9,43.5,399.0,47.2,6,160000000,0.00209275,253.12,일반/기타,0.66,2.09
담양대나무축제,2018,244116,40686,20180515,20180520,6,2,6,1,2018,12121.0,161214.0,39354965647,21.9,20.2,8.0,49.9,511.0,37.5,12,160000000,0.001525725,245.97,일반/기타,0.48,1.53
담양대나무축제,2019,131139,21856,20190515,20190520,6,2,5,1,2019,10165.0,115886.0,20507363386,16.1,22.5,7.7,62.5,164.0,37.3,17,110000000,0.0011921727272727,186.43,일반/기타,0.25,1.19
담양대나무축제,2020,89108,14851,20200515,20200520,6,1,5,1,2020,12570.0,143301.0,12769310062,26.7,11.1,6.4,86.7,409.0,24.0,23,80000000,0.00111385,159.62,일반/기타,0.16,1.11
담양대나무축제,2021,136533,22755,20210515,20210520,6,2,5,1,2021,10165.0,115886.0,15028647654,16.1,22.5,7.7,62.5,164.0,37.3,17,100000000,0.00136533,150.29,일반/기타,0.26,1.37
담양대나무축제,2022,216151,36025,20220515,20220520,6,2,6,1,2022,16397.0,218091.0,47140695816,17.2,33.6,4.6,90.4,396.0,35.0,14,130000000,0.0016627,362.62,일반/기타,0.42,1.66
담양대나무축제,2023,155465,25910,20230515,20230520,6,2,3,1,2023,16487.0,125303.0,19480277534,18.8,3.5,4.5,79.0,276.0,44.5,31,110000000,0.0014133181818181,177.09,일반/기타,0.3,1.41
담양대나무축제,2024,238422,39737,20240515,20240520,6,2,5,1,2024,10165.0,115886.0,27629962629,16.1,22.5,7.7,62.5,164.0,37.3,17,150000000,0.00158948,184.2,일반/기타,0.47,1.59
도대표축제,2017,201459,50364,20170318,20170321,4,2,4,1,2017,12178.0,69598.0,1775659626,18.3,16.5,6.1,67.4,294.0,32.8,21,70000000,0.0028779857142857,25.37,일반/기타,0.39,2.88
도대표축제,2018,323224,53870,20180411,20180416,6,2,4,1,2018,12178.0,69598.0,2299092312,18.3,16.5,6.1,67.4,294.0,32.8,21,110000000,0.0029384,20.9,일반/기타,0.64,2.94
도대표축제,2019,244832,40805,20191012,20191017,6,2,4,1,2019,12178.0,69598.0,2209119136,18.3,16.5,6.1,67.4,294.0,32.8,21,90000000,0.0027203555555555,24.55,일반/기타,0.48,2.72
도대표축제,2020,332750,66550,20201017,20201021,5,2,4,1,2020,12178.0,69598.0,2688952750,18.3,16.5,6.1,67.4,294.0,32.8,21,120000000,0.0027729166666666,22.41,일반/기타,0.66,2.77
도대표축제,2021,438511,109627,20210512,20210515,4,2,4,1,2021,12178.0,69598.0,3460290301,18.3,16.5,6.1,67.4,294.0,32.8,21,170000000,0.0025794764705882,20.35,일반/기타,0.88,2.58
도대표축제,2022,441674,73612,20221013,20221018,6,2,4,1,2022,12178.0,69598.0,3250720640,18.3,16.5,6.1,67.4,294.0,32.8,21,140000000,0.0031548142857142,23.22,일반/기타,0.88,3.15
도대표축제,2023,469947,156649,20230917,20230919,3,2,4,1,2023,12178.0,69598.0,3843226566,18.3,16.5,6.1,67.4,294.0,32.8,21,150000000,0.00313298,25.62,일반/기타,0.94,3.13
도대표축제,2024,192324,64108,20240414,20240416,3,2,4,1,2024,12178.0,69598.0,1647832032,18.3,16.5,6.1,67.4,294.0,32.8,21,60000000,0.0032054,27.46,일반/기타,0.37,3.21
동동북축제,2017,234668,39111,20171018,20171023,6,2,4,1,2017,12178.0,69598.0,1549512804,18.3,16.5,6.1,67.4,294.0,32.8,21,120000000,0.0019555666666666,12.91,일반/기타,0.46,1.96
동동북축제,2018,486193,81032,20180516,20180521,6,2,4,1,2018,12178.0,69598.0,4475892758,18.3,16.5,6.1,67.4,294.0,32.8,21,240000000,0.0020258041666666,18.65,일반/기타,0.97,2.03
동동북축제,2019,181264,30210,20191020,20191025,6,2,4,1,2019,12178.0,69598.0,1354404608,18.3,16.5,6.1,67.4,294.0,32.8,21,80000000,0.0022658,16.93,일반/기타,0.35,2.27
동동북축제,2020,285625,71406,20200913,20200916,4,2,4,1,2020,12178.0,69598.0,2431811250,18.3,16.5,6.1,67.4,294.0,32.8,21,170000000,0.0016801470588235,14.3,일반/기타,0.56,1.68
동동북축제,2021,478292,68327,20210517,20210523,7,2,4,1,2021,12178.0,69598.0,3220340036,18.3,16.5,6.1,67.4,294.0,32.8,21,210000000,0.0022775809523809,15.33,일반/기타,0.96,2.28
동동북축제,2022,258211,51642,20220315,20220319,5,2,4,1,2022,12178.0,69598.0,2199183087,18.3,16.5,6.1,67.4,294.0,32.8,21,140000000,0.0018443642857142,15.71,일반/기타,0.51,1.84
동동북축제,2023,224040,44808,20230511,20230515,5,2,4,1,2023,12178.0,69598.0,1174417680,18.3,16.5,6.1,67.4,294.0,32.8,21,100000000,0.0022404,11.74,일반/기타,0.44,2.24
동동북축제,2024,438467,109616,20240914,20240917,4,2,4,1,2024,12178.0,69598.0,2397099089,18.3,16.5,6.1,67.4,294.0,32.8,21,190000000,0.0023077210526315,12.62,일반/기타,0.88,2.31
땅끝해넘이해맞이축제,2017,129165,21527,20170912,20170917,6,2,4,1,2017,12178.0,69598.0,857268105,18.3,16.5,6.1,67.4,294.0,32.8,21,30000000,0.0043055,28.58,체험/레저,0.25,4.31
땅끝해넘이해맞이축제,2018,435441,62205,20180311,20180317,7,2,4,1,2018,12178.0,69598.0,2612646000,18.3,16.5,6.1,67.4,294.0,32.8,21,110000000,0.0039585545454545,23.75,체험/레저,0.87,3.96
땅끝해넘이해맞이축제,2019,465898,155299,20190710,20190712,3,2,4,1,2019,12178.0,69598.0,2966372566,18.3,16.5,6.1,67.4,294.0,32.8,21,130000000,0.0035838307692307,22.82,체험/레저,0.93,3.58
땅끝해넘이해맞이축제,2020,451296,75216,20200318,20200323,6,2,4,1,2020,12178.0,69598.0,4101829344,18.3,16.5,6.1,67.4,294.0,32.8,21,100000000,0.00451296,41.02,체험/레저,0.9,4.51
땅끝해넘이해맞이축제,2021,308786,51464,20210910,20210915,6,2,4,1,2021,12178.0,69598.0,1988581840,18.3,16.5,6.1,67.4,294.0,32.8,21,70000000,0.0044112285714285,28.41,체험/레저,0.61,4.41
땅끝해넘이해맞이축제,2022,179973,44993,20220714,20220717,4,2,4,1,2022,12178.0,69598.0,1500614874,18.3,16.5,6.1,67.4,294.0,32.8,21,50000000,0.00359946,30.01,체험/레저,0.35,3.6
땅끝해넘이해맞이축제,2023,387681,129227,20230313,20230315,3,2,4,1,2023,12178.0,69598.0,2336165706,18.3,16.5,6.1,67.4,294.0,32.8,21,90000000,0.0043075666666666,25.96,체험/레저,0.77,4.31
땅끝해넘이해맞이축제,2024,266703,66675,20241020,20241023,4,2,4,1,2024,12178.0,69598.0,2000539203,18.3,16.5,6.1,67.4,294.0,32.8,21,60000000,0.00444505,33.34,체험/레저,0.53,4.45
명량대첩축제,2017,221863,73954,20171018,20171020,3,2,4,1,2017,12178.0,69598.0,1411936132,18.3,16.5,6.1,67.4,294.0,32.8,21,80000000,0.0027732875,17.65,문화/역사,0.43,2.77
명량대첩축제,2018,254268,84756,20181018,20181020,3,2,4,1,2018,12178.0,69598.0,1657318824,18.3,16.5,6.1,67.4,294.0,32.8,21,100000000,0.00254268,16.57,문화/역사,0.5,2.54
명량대첩축제,2019,148320,49440,20191018,20191020,3,2,4,1,2019,12178.0,69598.0,1108543680,18.3,16.5,6.1,67.4,294.0,32.8,21,60000000,0.002472,18.48,문화/역사,0.28,2.47
명량대첩축제,2020,386233,128744,20201018,20201020,3,2,4,1,2020,12178.0,69598.0,3739894139,18.3,16.5,6.1,67.4,294.0,32.8,21,150000000,0.0025748866666666,24.93,문화/역사,0.77,2.57
명량대첩축제,2021,441278,147092,20211018,20211020,3,2,4,1,2021,12178.0,69598.0,2791965906,18.3,16.5,6.1,67.4,294.0,32.8,21,190000000,0.0023225157894736,14.69,문화/역사,0.88,2.32
명량대첩축제,2022,370269,123423,20221018,20221020,3,2,4,1,2022,12178.0,69598.0,3344639877,18.3,16.5,6.1,67.4,294.0,32.8,21,170000000,0.0021780529411764,19.67,문화/역사,0.74,2.18
명량대첩축제,2023,105704,35234,20231018,20231020,3,2,4,1,2023,12178.0,69598.0,1034102232,18.3,16.5,6.1,67.4,294.0,32.8,21,40000000,0.0026426,25.85,문화/역사,0.2,2.64
명량대첩축제,2024,297096,99032,20241018,20241020,3,2,4,1,2024,12178.0,69598.0,1885668312,18.3,16.5,6.1,67.4,294.0,32.8,21,130000000,0.0022853538461538,14.51,문화/역사,0.59,2.29
목포항구축제,2017,172804,57601,20170927,20170929,3,2,6,1,2017,10642.0,141539.0,24458574477,18.5,3.3,5.5,57.3,330.0,15.0,8,80000000,0.00216005,305.73,일반/기타,0.33,2.16
목포항구축제,2018,105583,35194,20180927,20180929,3,2,3,1,2018,13734.0,104381.0,11020911914,14.8,7.4,10.9,91.5,466.0,24.4,8,60000000,0.0017597166666666,183.68,일반/기타,0.2,1.76
목포항구축제,2019,125058,41686,20190927,20190929,3,0,4,1,2019,8606.0,81762.0,10224992196,4.2,17.0,3.7,76.0,319.0,22.5,24,70000000,0.0017865428571428,146.07,일반/기타,0.24,1.79
목포항구축제,2020,98563,32854,20200927,20200929,3,2,5,1,2020,14613.0,14613.0,1440310975,16.2,61.5,1.6,88.1,194.0,15.0,26,50000000,0.00197126,28.81,일반/기타,0.18,1.97
목포항구축제,2021,185749,61916,20210927,20210929,3,2,6,1,2021,11803.0,156984.0,29159621016,18.7,7.7,7.1,86.5,322.0,32.2,36,80000000,0.0023218625,364.5,일반/기타,0.36,2.32
목포항구축제,2022,243091,81030,20220927,20220929,3,2,6,1,2022,12428.0,165293.0,40181362208,14.8,9.5,4.7,79.6,187.0,29.7,28,80000000,0.0030386375,502.27,일반/기타,0.48,3.04
목포항구축제,2023,104241,34747,20230927,20230929,3,1,5,1,2023,10931.0,124620.0,9069569217,13.1,21.9,4.2,90.8,306.0,35.6,26,50000000,0.00208482,181.39,일반/기타,0.19,2.08
목포항구축제,2024,49411,16470,20240927,20240929,3,2,3,1,2024,15217.0,15217.0,751887187,10.6,54.6,7.1,70.1,348.0,43.1,13,10000000,0.0049411,75.19,일반/기타,0.08,4.94
무안연꽃축제,2017,162072,40518,20170725,20170728,4,2,6,1,2017,11447.0,11447.0,1855254391,19.2,19.1,2.6,57.2,350.0,23.0,25,80000000,0.0020259,23.19,자연/계절,0.31,2.03
무안연꽃축제,2018,122640,30660,20180725,20180728,4,2,6,1,2018,13635.0,181348.0,22240629096,17.0,22.1,6.6,66.8,94.0,25.8,39,70000000,0.001752,317.72,자연/계절,0.23,1.75
무안연꽃축제,2019,164435,41108,20190725,20190728,4,2,6,1,2019,8166.0,108617.0,17860452838,13.3,12.0,4.7,92.2,273.0,15.8,13,70000000,0.0023490714285714,255.15,자연/계절,0.32,2.35
무안연꽃축제,2020,44492,11123,20200725,20200728,4,2,5,1,2020,14373.0,163862.0,7290548104,23.0,3.5,2.8,93.7,285.0,30.7,35,40000000,0.0011123,182.26,자연/계절,0.07,1.11
무안연꽃축제,2021,55003,13750,20210725,20210728,4,2,5,1,2021,13337.0,152047.0,8363063142,25.6,4.8,11.1,54.1,203.0,37.6,20,50000000,0.00110006,167.26,자연/계절,0.09,1.1
무안연꽃축제,2022,43177,10794,20220725,20220728,4,0,2,1,2022,17255.0,17255.0,745036405,17.6,13.2,7.8,51.1,375.0,46.0,29,30000000,0.0014392333333333,24.83,자연/계절,0.07,1.44
무안연꽃축제,2023,90097,22524,20230725,20230728,4,1,5,1,2023,10486.0,119547.0,10770835068,14.3,5.6,3.9,93.8,383.0,24.9,9,60000000,0.0015016166666666,179.51,자연/계절,0.17,1.5
무안연꽃축제,2024,58919,14729,20240725,20240728,4,0,4,1,2024,8812.0,8812.0,4353145033,15.6,7.7,7.5,78.6,534.0,35.5,29,50000000,0.00117838,87.06,자연/계절,0.1,1.18
문화관광축제,2017,200497,66832,20170315,20170317,3,2,4,1,2017,12178.0,69598.0,1994544156,18.3,16.5,6.1,67.4,294.0,32.8,21,70000000,0.0028642428571428,28.49,문화/역사,0.39,2.86
문화관광축제,2018,382453,76490,20180412,20180416,5,2,4,1,2018,12178.0,69598.0,3741920152,18.3,16.5,6.1,67.4,294.0,32.8,21,150000000,0.0025496866666666,24.95,문화/역사,0.76,2.55
문화관광축제,2019,370846,123615,20190420,20190422,3,2,4,1,2019,12178.0,69598.0,2004051784,18.3,16.5,6.1,67.4,294.0,32.8,21,180000000,0.0020602555555555,11.13,문화/역사,0.74,2.06
문화관광축제,2020,291172,41596,20201011,20201017,7,2,4,1,2020,12178.0,69598.0,1880971120,18.3,16.5,6.1,67.4,294.0,32.8,21,110000000,0.0026470181818181,17.1,문화/역사,0.58,2.65
문화관광축제,2021,373060,93265,20210910,20210913,4,2,4,1,2021,12178.0,69598.0,3423944680,18.3,16.5,6.1,67.4,294.0,32.8,21,130000000,0.0028696923076923,26.34,문화/역사,0.74,2.87
문화관광축제,2022,483432,161144,20220414,20220416,3,2,4,1,2022,12178.0,69598.0,4421469072,18.3,16.5,6.1,67.4,294.0,32.8,21,200000000,0.00241716,22.11,문화/역사,0.97,2.42
문화관광축제,2023,121949,40649,20230711,20230713,3,2,4,1,2023,12178.0,69598.0,1216563224,18.3,16.5,6.1,67.4,294.0,32.8,21,40000000,0.003048725,30.41,문화/역사,0.23,3.05
문화관광축제,2024,238311,59577,20240512,20240515,4,2,4,1,2024,12178.0,69598.0,1250894439,18.3,16.5,6.1,67.4,294.0,32.8,21,90000000,0.0026479,13.9,문화/역사,0.47,2.65
밤바다불꽃축제,2017,322724,53787,20170318,20170323,6,2,4,1,2017,12178.0,69598.0,2886120732,18.3,16.5,6.1,67.4,294.0,32.8,21,100000000,0.00322724,28.86,자연/계절,0.64,3.23
밤바다불꽃축제,2018,313277,44753,20180414,20180420,7,2,4,1,2018,12178.0,69598.0,2831084249,18.3,16.5,6.1,67.4,294.0,32.8,21,90000000,0.0034808555555555,31.46,자연/계절,0.62,3.48
밤바다불꽃축제,2019,477844,79640,20190412,20190417,6,2,4,1,2019,12178.0,69598.0,3116976412,18.3,16.5,6.1,67.4,294.0,32.8,21,120000000,0.0039820333333333,25.97,자연/계절,0.96,3.98
밤바다불꽃축제,2020,219264,54816,20200415,20200418,4,2,4,1,2020,12178.0,69598.0,1447361664,18.3,16.5,6.1,67.4,294.0,32.8,21,60000000,0.0036544,24.12,자연/계절,0.43,3.65
밤바다불꽃축제,2021,492136,164045,20210411,20210413,3,2,4,1,2021,12178.0,69598.0,4886910480,18.3,16.5,6.1,67.4,294.0,32.8,21,130000000,0.0037856615384615,37.59,자연/계절,0.98,3.79
밤바다불꽃축제,2022,118073,19678,20220314,20220319,6,2,4,1,2022,12178.0,69598.0,1110594638,18.3,16.5,6.1,67.4,294.0,32.8,21,30000000,0.0039357666666666,37.02,자연/계절,0.22,3.94
밤바다불꽃축제,2023,165450,27575,20230316,20230321,6,2,4,1,2023,12178.0,69598.0,867454350,18.3,16.5,6.1,67.4,294.0,32.8,21,40000000,0.00413625,21.69,자연/계절,0.32,4.14
밤바다불꽃축제,2024,243401,60850,20240419,20240422,4,2,4,1,2024,12178.0,69598.0,1661455226,18.3,16.5,6.1,67.4,294.0,32.8,21,70000000,0.0034771571428571,23.74,자연/계절,0.48,3.48
백련사동백축제,2017,414242,46026,20170223,20170303,9,2,4,1,2017,12178.0,69598.0,2289101292,18.3,16.5,6.1,67.4,294.0,32.8,21,150000000,0.0027616133333333,15.26,일반/기타,0.83,2.76
백련사동백축제,2018,360550,40061,20180223,20180303,9,2,4,1,2018,12178.0,69598.0,3232330750,18.3,16.5,6.1,67.4,294.0,32.8,21,130000000,0.0027734615384615,24.86,일반/기타,0.72,2.77
백련사동백축제,2019,370856,41206,20190223,20190303,9,2,4,1,2019,12178.0,69598.0,1897299296,18.3,16.5,6.1,67.4,294.0,32.8,21,100000000,0.00370856,18.97,일반/기타,0.74,3.71
백련사동백축제,2020,185708,18570,20200223,20200303,10,2,4,1,2020,12178.0,69598.0,1702385236,18.3,16.5,6.1,67.4,294.0,32.8,21,60000000,0.0030951333333333,28.37,일반/기타,0.36,3.1
백련사동백축제,2021,261087,29009,20210223,20210303,9,2,4,1,2021,12178.0,69598.0,1668084843,18.3,16.5,6.1,67.4,294.0,32.8,21,80000000,0.0032635875,20.85,일반/기타,0.51,3.26
백련사동백축제,2022,106154,11794,20220223,20220303,9,2,4,1,2022,12178.0,69598.0,608050112,18.3,16.5,6.1,67.4,294.0,32.8,21,30000000,0.0035384666666666,20.27,일반/기타,0.2,3.54
백련사동백축제,2023,392231,43581,20230223,20230303,9,2,4,1,2023,12178.0,69598.0,2044700203,18.3,16.5,6.1,67.4,294.0,32.8,21,110000000,0.0035657363636363,18.59,일반/기타,0.78,3.57
백련사동백축제,2024,139499,13949,20240223,20240303,10,2,4,1,2024,12178.0,69598.0,1132313383,18.3,16.5,6.1,67.4,294.0,32.8,21,50000000,0.00278998,22.65,일반/기타,0.27,2.79
벚꽃축제,2017,189489,94744,20170406,20170407,2,2,4,1,2017,12178.0,69598.0,1815873087,18.3,16.5,6.1,67.4,294.0,32.8,21,100000000,0.00189489,18.16,자연/계절,0.37,1.89
벚꽃축제,2018,455093,227546,20180406,20180407,2,2,4,1,2018,12178.0,69598.0,3395448873,18.3,16.5,6.1,67.4,294.0,32.8,21,250000000,0.001820372,13.58,자연/계절,0.91,1.82
벚꽃축제,2019,427090,213545,20190406,20190407,2,2,4,1,2019,12178.0,69598.0,3838684920,18.3,16.5,6.1,67.4,294.0,32.8,21,200000000,0.00213545,19.19,자연/계절,0.85,2.14
벚꽃축제,2020,279830,139915,20200406,20200407,2,2,4,1,2020,12178.0,69598.0,2763321250,18.3,16.5,6.1,67.4,294.0,32.8,21,150000000,0.0018655333333333,18.42,자연/계절,0.55,1.87
벚꽃축제,2021,462644,231322,20210406,20210407,2,2,4,1,2021,12178.0,69598.0,3566059952,18.3,16.5,6.1,67.4,294.0,32.8,21,220000000,0.0021029272727272,16.21,자연/계절,0.92,2.1
벚꽃축제,2022,417677,208838,20220406,20220407,2,2,4,1,2022,12178.0,69598.0,2823078843,18.3,16.5,6.1,67.4,294.0,32.8,21,170000000,0.0024569235294117,16.61,자연/계절,0.83,2.46
벚꽃축제,2023,158005,79002,20230406,20230407,2,2,4,1,2023,12178.0,69598.0,1006175840,18.3,16.5,6.1,67.4,294.0,32.8,21,70000000,0.0022572142857142,14.37,자연/계절,0.3,2.26
벚꽃축제,2024,279980,139990,20240406,20240407,2,2,4,1,2024,12178.0,69598.0,2762002700,18.3,16.5,6.1,67.4,294.0,32.8,21,120000000,0.0023331666666666,23.02,자연/계절,0.55,2.33
보성다향대축제,2017,194472,38894,20170502,20170506,5,2,6,1,2017,10736.0,142794.0,27769493109,29.3,21.4,7.5,51.6,277.0,47.4,9,40000000,0.0048618,694.24,문화/역사,0.38,4.86
보성다향대축제,2018,103909,20781,20180502,20180506,5,0,3,1,2018,11035.0,11035.0,1146698160,24.1,25.6,6.5,59.8,249.0,44.7,17,20000000,0.00519545,57.33,문화/역사,0.19,5.2
보성다향대축제,2019,184301,36860,20190502,20190506,5,2,4,1,2019,10875.0,10875.0,2004439245,24.2,17.9,4.9,41.1,587.0,20.2,18,40000000,0.004607525,50.11,문화/역사,0.36,4.61
보성다향대축제,2020,98931,19786,20200502,20200506,5,2,4,1,2020,13237.0,125757.0,8835485238,10.4,12.2,5.6,79.1,279.0,38.0,14,30000000,0.0032977,294.52,문화/역사,0.18,3.3
보성다향대축제,2021,33819,6763,20210502,20210506,5,0,2,1,2021,16981.0,16981.0,574304112,21.5,8.0,5.7,72.0,469.0,19.2,38,10000000,0.0033819,57.43,문화/역사,0.05,3.38
보성다향대축제,2022,145024,29004,20220502,20220506,5,2,6,1,2022,12905.0,171642.0,24892252915,23.0,36.4,5.9,51.0,525.0,30.5,28,40000000,0.0036256,622.31,문화/역사,0.28,3.63
보성다향대축제,2023,126491,25298,20230502,20230506,5,2,4,1,2023,13237.0,125757.0,15907191932,10.4,12.2,5.6,79.1,279.0,38.0,14,30000000,0.0042163666666666,530.24,문화/역사,0.24,4.22
보성다향대축제,2024,216185,43237,20240502,20240506,5,2,4,1,2024,9816.0,9816.0,2122158434,15.2,15.4,3.5,72.4,326.0,15.4,20,50000000,0.0043237,42.44,문화/역사,0.42,4.32
산수유꽃축제,2017,461403,51267,20170309,20170317,9,2,4,1,2017,12178.0,69598.0,3096936936,18.3,16.5,6.1,67.4,294.0,32.8,21,200000000,0.002307015,15.48,자연/계절,0.92,2.31
산수유꽃축제,2018,262932,29214,20180309,20180317,9,2,4,1,2018,12178.0,69598.0,2316693852,18.3,16.5,6.1,67.4,294.0,32.8,21,100000000,0.00262932,23.17,자연/계절,0.52,2.63
산수유꽃축제,2019,486821,54091,20190309,20190317,9,2,4,1,2019,12178.0,69598.0,4795186850,18.3,16.5,6.1,67.4,294.0,32.8,21,180000000,0.0027045611111111,26.64,자연/계절,0.97,2.7
산수유꽃축제,2020,490411,54490,20200309,20200317,9,2,4,1,2020,12178.0,69598.0,2711482419,18.3,16.5,6.1,67.4,294.0,32.8,21,230000000,0.0021322217391304,11.79,자연/계절,0.98,2.13
산수유꽃축제,2021,419200,46577,20210309,20210317,9,2,4,1,2021,12178.0,69598.0,4145468800,18.3,16.5,6.1,67.4,294.0,32.8,21,140000000,0.0029942857142857,29.61,자연/계절,0.84,2.99
산수유꽃축제,2022,309373,34374,20220309,20220317,9,2,4,1,2022,12178.0,69598.0,1837366247,18.3,16.5,6.1,67.4,294.0,32.8,21,120000000,0.0025781083333333,15.31,자연/계절,0.61,2.58
산수유꽃축제,2023,395286,43920,20230309,20230317,9,2,4,1,2023,12178.0,69598.0,3559550430,18.3,16.5,6.1,67.4,294.0,32.8,21,160000000,0.0024705375,22.25,자연/계절,0.79,2.47
산수유꽃축제,2024,196059,21784,20240309,20240317,9,2,4,1,2024,12178.0,69598.0,1303008114,18.3,16.5,6.1,67.4,294.0,32.8,21,80000000,0.0024507375,16.29,자연/계절,0.38,2.45
산타축제,2017,459768,65681,20171212,20171218,7,2,4,1,2017,12178.0,69598.0,4345267368,18.3,16.5,6.1,67.4,294.0,32.8,21,140000000,0.0032840571428571,31.04,일반/기타,0.92,3.28
산타축제,2018,153947,21992,20181218,20181224,7,2,4,1,2018,12178.0,69598.0,855329532,18.3,16.5,6.1,67.4,294.0,32.8,21,50000000,0.00307894,17.11,일반/기타,0.3,3.08
산타축제,2019,147638,36909,20191214,20191217,4,2,4,1,2019,12178.0,69598.0,1139617722,18.3,16.5,6.1,67.4,294.0,32.8,21,40000000,0.00369095,28.49,일반/기타,0.28,3.69
산타축제,2020,192241,32040,20201210,20201215,6,2,4,1,2020,12178.0,69598.0,1601175289,18.3,16.5,6.1,67.4,294.0,32.8,21,100000000,0.00192241,16.01,일반/기타,0.37,1.92
산타축제,2021,191659,47914,20210110,20210113,4,2,4,1,2021,12178.0,69598.0,1555696103,18.3,16.5,6.1,67.4,294.0,32.8,21,80000000,0.0023957375,19.45,일반/기타,0.37,2.4
산타축제,2022,263038,65759,20221210,20221213,4,2,4,1,2022,12178.0,69598.0,2576457210,18.3,16.5,6.1,67.4,294.0,32.8,21,130000000,0.0020233692307692,19.82,일반/기타,0.52,2.02
산타축제,2023,176242,44060,20231211,20231214,4,2,4,1,2023,12178.0,69598.0,1100983774,18.3,16.5,6.1,67.4,294.0,32.8,21,70000000,0.0025177428571428,15.73,일반/기타,0.34,2.52
산타축제,2024,257732,36818,20241212,20241218,7,2,4,1,2024,12178.0,69598.0,1360051764,18.3,16.5,6.1,67.4,294.0,32.8,21,110000000,0.0023430181818181,12.36,일반/기타,0.51,2.34
서편제보성소리축제,2017,151934,50644,20171006,20171008,3,2,4,1,2017,12178.0,69598.0,1511135564,18.3,16.5,6.1,67.4,294.0,32.8,21,60000000,0.0025322333333333,25.19,문화/역사,0.29,2.53
서편제보성소리축제,2018,202795,67598,20181006,20181008,3,2,4,1,2018,12178.0,69598.0,1609786710,18.3,16.5,6.1,67.4,294.0,32.8,21,70000000,0.0028970714285714,23.0,문화/역사,0.4,2.9
서편제보성소리축제,2019,389336,129778,20191006,20191008,3,2,4,1,2019,12178.0,69598.0,3107679952,18.3,16.5,6.1,67.4,294.0,32.8,21,110000000,0.0035394181818181,28.25,문화/역사,0.78,3.54
서편제보성소리축제,2020,138102,46034,20201006,20201008,3,2,4,1,2020,12178.0,69598.0,1288491660,18.3,16.5,6.1,67.4,294.0,32.8,21,40000000,0.00345255,32.21,문화/역사,0.26,3.45
서편제보성소리축제,2021,279208,93069,20211006,20211008,3,2,4,1,2021,12178.0,69598.0,1662125224,18.3,16.5,6.1,67.4,294.0,32.8,21,90000000,0.0031023111111111,18.47,문화/역사,0.55,3.1
서편제보성소리축제,2022,383821,127940,20221006,20221008,3,2,4,1,2022,12178.0,69598.0,2376235811,18.3,16.5,6.1,67.4,294.0,32.8,21,140000000,0.0027415785714285,16.97,문화/역사,0.76,2.74
서편제보성소리축제,2023,319930,106643,20231006,20231008,3,2,4,1,2023,12178.0,69598.0,1989004810,18.3,16.5,6.1,67.4,294.0,32.8,21,100000000,0.0031993,19.89,문화/역사,0.63,3.2
서편제보성소리축제,2024,416837,138945,20241006,20241008,3,2,4,1,2024,12178.0,69598.0,3634401803,18.3,16.5,6.1,67.4,294.0,32.8,21,130000000,0.0032064384615384,27.96,문화/역사,0.83,3.21
섬낙지축제,2017,238155,47631,20170319,20170323,5,2,4,1,2017,12178.0,69598.0,2042655435,18.3,16.5,6.1,67.4,294.0,32.8,21,110000000,0.0021650454545454,18.57,음식/미식,0.47,2.17
섬낙지축제,2018,119063,23812,20180410,20180414,5,2,4,1,2018,12178.0,69598.0,1098118049,18.3,16.5,6.1,67.4,294.0,32.8,21,60000000,0.0019843833333333,18.3,음식/미식,0.23,1.98
섬낙지축제,2019,135954,45318,20191018,20191020,3,2,4,1,2019,12178.0,69598.0,1029579642,18.3,16.5,6.1,67.4,294.0,32.8,21,80000000,0.001699425,12.87,음식/미식,0.26,1.7
섬낙지축제,2020,337804,112601,20200412,20200414,3,2,4,1,2020,12178.0,69598.0,2847687720,18.3,16.5,6.1,67.4,294.0,32.8,21,150000000,0.0022520266666666,18.98,음식/미식,0.67,2.25
섬낙지축제,2021,492426,82071,20210512,20210517,6,2,4,1,2021,12178.0,69598.0,2679289866,18.3,16.5,6.1,67.4,294.0,32.8,21,170000000,0.0028966235294117,15.76,음식/미식,0.99,2.9
섬낙지축제,2022,488822,69831,20220817,20220823,7,2,4,1,2022,12178.0,69598.0,2480282828,18.3,16.5,6.1,67.4,294.0,32.8,21,190000000,0.002572747368421,13.05,음식/미식,0.98,2.57
섬낙지축제,2023,288456,72114,20230917,20230920,4,2,4,1,2023,12178.0,69598.0,2793119448,18.3,16.5,6.1,67.4,294.0,32.8,21,130000000,0.0022188923076923,21.49,음식/미식,0.57,2.22
섬낙지축제,2024,116725,16675,20240516,20240522,7,2,4,1,2024,12178.0,69598.0,825712650,18.3,16.5,6.1,67.4,294.0,32.8,21,40000000,0.002918125,20.64,음식/미식,0.22,2.92
섬맨드라미축제,2017,376532,37653,20171004,20171013,10,2,4,1,2017,12178.0,69598.0,3501747600,18.3,16.5,6.1,67.4,294.0,32.8,21,80000000,0.00470665,43.77,일반/기타,0.75,4.71
섬맨드라미축제,2018,243087,24308,20181004,20181013,10,2,4,1,2018,12178.0,69598.0,1678758822,18.3,16.5,6.1,67.4,294.0,32.8,21,60000000,0.00405145,27.98,일반/기타,0.48,4.05
섬맨드라미축제,2019,311791,31179,20191004,20191013,10,2,4,1,2019,12178.0,69598.0,2633074995,18.3,16.5,6.1,67.4,294.0,32.8,21,70000000,0.0044541571428571,37.62,일반/기타,0.62,4.45
섬맨드라미축제,2020,487971,48797,20201004,20201013,10,2,4,1,2020,12178.0,69598.0,4033568286,18.3,16.5,6.1,67.4,294.0,32.8,21,100000000,0.00487971,40.34,일반/기타,0.98,4.88
섬맨드라미축제,2021,477503,47750,20211004,20211013,10,2,4,1,2021,12178.0,69598.0,4372017468,18.3,16.5,6.1,67.4,294.0,32.8,21,120000000,0.0039791916666666,36.43,일반/기타,0.95,3.98
섬맨드라미축제,2022,157108,15710,20221004,20221013,10,2,4,1,2022,12178.0,69598.0,1523790492,18.3,16.5,6.1,67.4,294.0,32.8,21,30000000,0.0052369333333333,50.79,일반/기타,0.3,5.24
섬맨드라미축제,2023,441396,44139,20231004,20231013,10,2,4,1,2023,12178.0,69598.0,2437830108,18.3,16.5,6.1,67.4,294.0,32.8,21,90000000,0.0049044,27.09,일반/기타,0.88,4.9
섬맨드라미축제,2024,191865,19186,20241004,20241013,10,2,4,1,2024,12178.0,69598.0,1399847040,18.3,16.5,6.1,67.4,294.0,32.8,21,50000000,0.0038373,28.0,일반/기타,0.37,3.84
섬병어축제,2017,433175,61882,20170713,20170719,7,2,4,1,2017,12178.0,69598.0,3438543150,18.3,16.5,6.1,67.4,294.0,32.8,21,170000000,0.0025480882352941,20.23,일반/기타,0.86,2.55
섬병어축제,2018,265140,44190,20180413,20180418,6,2,4,1,2018,12178.0,69598.0,2379896640,18.3,16.5,6.1,67.4,294.0,32.8,21,120000000,0.0022095,19.83,일반/기타,0.52,2.21
섬병어축제,2019,181929,45482,20190911,20190914,4,2,4,1,2019,12178.0,69598.0,1211647140,18.3,16.5,6.1,67.4,294.0,32.8,21,60000000,0.00303215,20.19,일반/기타,0.35,3.03
섬병어축제,2020,219503,73167,20200411,20200413,3,2,4,1,2020,12178.0,69598.0,1805412175,18.3,16.5,6.1,67.4,294.0,32.8,21,100000000,0.00219503,18.05,일반/기타,0.43,2.2
섬병어축제,2021,205111,41022,20210516,20210520,5,2,4,1,2021,12178.0,69598.0,1780978813,18.3,16.5,6.1,67.4,294.0,32.8,21,80000000,0.0025638875,22.26,일반/기타,0.4,2.56
섬병어축제,2022,451064,112766,20221011,20221014,4,2,4,1,2022,12178.0,69598.0,3626554560,18.3,16.5,6.1,67.4,294.0,32.8,21,140000000,0.0032218857142857,25.9,일반/기타,0.9,3.22
섬병어축제,2023,126160,25232,20230411,20230415,5,2,4,1,2023,12178.0,69598.0,1031862640,18.3,16.5,6.1,67.4,294.0,32.8,21,40000000,0.003154,25.8,일반/기타,0.24,3.15
섬병어축제,2024,442676,147558,20240911,20240913,3,2,4,1,2024,12178.0,69598.0,2505988836,18.3,16.5,6.1,67.4,294.0,32.8,21,150000000,0.0029511733333333,16.71,일반/기타,0.88,2.95
섬홍도원추리축제,2017,235832,39305,20170317,20170322,6,2,4,1,2017,12178.0,69598.0,2216584968,18.3,16.5,6.1,67.4,294.0,32.8,21,50000000,0.00471664,44.33,일반/기타,0.46,4.72
섬홍도원추리축제,2018,146819,29363,20180518,20180522,5,2,4,1,2018,12178.0,69598.0,872545317,18.3,16.5,6.1,67.4,294.0,32.8,21,30000000,0.0048939666666666,29.08,일반/기타,0.28,4.89
섬홍도원추리축제,2019,159182,22740,20190418,20190424,7,2,4,1,2019,12178.0,69598.0,909565948,18.3,16.5,6.1,67.4,294.0,32.8,21,40000000,0.00397955,22.74,일반/기타,0.31,3.98
섬홍도원추리축제,2020,345900,69180,20200714,20200718,5,2,4,1,2020,12178.0,69598.0,2062601700,18.3,16.5,6.1,67.4,294.0,32.8,21,110000000,0.0031445454545454,18.75,일반/기타,0.69,3.14
섬홍도원추리축제,2021,273724,45620,20210518,20210523,6,2,4,1,2021,12178.0,69598.0,1397361020,18.3,16.5,6.1,67.4,294.0,32.8,21,90000000,0.0030413777777777,15.53,일반/기타,0.54,3.04
섬홍도원추리축제,2022,276048,39435,20220512,20220518,7,2,4,1,2022,12178.0,69598.0,1970154576,18.3,16.5,6.1,67.4,294.0,32.8,21,70000000,0.0039435428571428,28.15,일반/기타,0.54,3.94
섬홍도원추리축제,2023,279785,39969,20230417,20230423,7,2,4,1,2023,12178.0,69598.0,2421259390,18.3,16.5,6.1,67.4,294.0,32.8,21,80000000,0.0034973125,30.27,일반/기타,0.55,3.5
섬홍도원추리축제,2024,499657,83276,20240713,20240718,6,2,4,1,2024,12178.0,69598.0,3235279075,18.3,16.5,6.1,67.4,294.0,32.8,21,120000000,0.0041638083333333,26.96,일반/기타,1.0,4.16
세계장미축제,2017,431490,43149,20170517,20170526,10,2,4,1,2017,12178.0,69598.0,2508251370,18.3,16.5,6.1,67.4,294.0,32.8,21,120000000,0.00359575,20.9,자연/계절,0.86,3.6
세계장미축제,2018,424060,42406,20180517,20180526,10,2,4,1,2018,12178.0,69598.0,4174022580,18.3,16.5,6.1,67.4,294.0,32.8,21,160000000,0.002650375,26.09,자연/계절,0.85,2.65
세계장미축제,2019,445835,44583,20190517,20190526,10,2,4,1,2019,12178.0,69598.0,4173461435,18.3,16.5,6.1,67.4,294.0,32.8,21,110000000,0.0040530454545454,37.94,자연/계절,0.89,4.05
세계장미축제,2020,102050,10205,20200517,20200526,10,2,4,1,2020,12178.0,69598.0,629138250,18.3,16.5,6.1,67.4,294.0,32.8,21,40000000,0.00255125,15.73,자연/계절,0.19,2.55
세계장미축제,2021,474717,47471,20210517,20210526,10,2,4,1,2021,12178.0,69598.0,2578188027,18.3,16.5,6.1,67.4,294.0,32.8,21,140000000,0.0033908357142857,18.42,자연/계절,0.95,3.39
세계장미축제,2022,343662,34366,20220517,20220526,10,2,4,1,2022,12178.0,69598.0,3262727028,18.3,16.5,6.1,67.4,294.0,32.8,21,90000000,0.0038184666666666,36.25,자연/계절,0.68,3.82
세계장미축제,2023,167364,16736,20230517,20230526,10,2,4,1,2023,12178.0,69598.0,1517656752,18.3,16.5,6.1,67.4,294.0,32.8,21,50000000,0.00334728,30.35,자연/계절,0.32,3.35
세계장미축제,2024,287710,28771,20240517,20240526,10,2,4,1,2024,12178.0,69598.0,1975992280,18.3,16.5,6.1,67.4,294.0,32.8,21,70000000,0.0041101428571428,28.23,자연/계절,0.57,4.11
순천만갈대축제,2017,342997,171498,20171102,20171103,2,2,4,1,2017,12178.0,69598.0,2647936840,18.3,16.5,6.1,67.4,294.0,32.8,21,80000000,0.0042874625,33.1,자연/계절,0.68,4.29
순천만갈대축제,2018,423825,211912,20181102,20181103,2,2,4,1,2018,12178.0,69598.0,2119548825,18.3,16.5,6.1,67.4,294.0,32.8,21,130000000,0.0032601923076923,16.3,자연/계절,0.85,3.26
순천만갈대축제,2019,276076,138038,20191102,20191103,2,2,4,1,2019,12178.0,69598.0,1633541692,18.3,16.5,6.1,67.4,294.0,32.8,21,60000000,0.0046012666666666,27.23,자연/계절,0.54,4.6
순천만갈대축제,2020,254470,127235,20201102,20201103,2,2,4,1,2020,12178.0,69598.0,1707239230,18.3,16.5,6.1,67.4,294.0,32.8,21,50000000,0.0050894,34.14,자연/계절,0.5,5.09
순천만갈대축제,2021,430721,215360,20211102,20211103,2,2,4,1,2021,12178.0,69598.0,2535223806,18.3,16.5,6.1,67.4,294.0,32.8,21,120000000,0.0035893416666666,21.13,자연/계절,0.86,3.59
순천만갈대축제,2022,336293,168146,20221102,20221103,2,2,4,1,2022,12178.0,69598.0,2444850110,18.3,16.5,6.1,67.4,294.0,32.8,21,90000000,0.0037365888888888,27.17,자연/계절,0.67,3.74
순천만갈대축제,2023,464359,232179,20231102,20231103,2,2,4,1,2023,12178.0,69598.0,3895507651,18.3,16.5,6.1,67.4,294.0,32.8,21,100000000,0.00464359,38.96,자연/계절,0.93,4.64
순천만갈대축제,2024,124826,62413,20241102,20241103,2,2,4,1,2024,12178.0,69598.0,649968982,18.3,16.5,6.1,67.4,294.0,32.8,21,30000000,0.0041608666666666,21.67,자연/계절,0.24,4.16
순천야시장페스타,2017,117543,19590,20170911,20170916,6,1,5,1,2017,11144.0,127041.0,14932862543,14.8,18.2,5.3,93.8,291.0,32.7,35,60000000,0.00195905,248.88,일반/기타,0.22,1.96
순천야시장페스타,2018,100503,16750,20181016,20181021,6,1,5,1,2018,13068.0,13068.0,1313453606,14.7,8.7,8.5,53.4,102.0,37.1,31,50000000,0.00201006,26.27,일반/기타,0.19,2.01
순천야시장페스타,2019,93844,15640,20190518,20190523,6,2,5,1,2019,12270.0,139887.0,13127574396,18.7,8.9,5.5,68.4,319.0,36.7,18,50000000,0.00187688,262.55,일반/기타,0.17,1.88
순천야시장페스타,2020,38934,6489,20200313,20200318,6,1,5,1,2020,12178.0,12178.0,474138252,17.6,2.6,6.7,50.1,190.0,26.8,8,20000000,0.0019467,23.71,일반/기타,0.06,1.95
순천야시장페스타,2021,86952,12421,20210812,20210818,7,2,6,1,2021,12982.0,172664.0,15013497518,17.3,18.3,4.8,53.8,252.0,28.9,11,50000000,0.00173904,300.27,일반/기타,0.16,1.74
순천야시장페스타,2022,108163,18027,20220417,20220422,6,2,5,1,2022,14090.0,160632.0,17374471464,15.2,25.1,7.3,40.5,218.0,36.7,32,60000000,0.0018027166666666,289.57,일반/기타,0.2,1.8
순천야시장페스타,2023,38850,6475,20230417,20230422,6,2,5,1,2023,9712.0,9712.0,377338395,25.1,35.3,1.6,84.7,436.0,31.2,38,30000000,0.001295,12.58,일반/기타,0.06,1.3
순천야시장페스타,2024,62043,12408,20241018,20241022,5,2,4,1,2024,20310.0,192948.0,11971122398,16.2,32.6,8.5,70.3,276.0,19.7,30,40000000,0.001551075,299.28,일반/기타,0.11,1.55
영광불갑산상사화축제,2017,191880,19188,20170913,20170922,10,1,5,1,2017,6000.0,68400.0,13124592000,6.7,40.4,5.6,52.6,345.0,31.9,27,50000000,0.0038376,262.49,일반/기타,0.37,3.84
영광불갑산상사화축제,2018,114532,11453,20180913,20180922,10,2,6,1,2018,12050.0,160268.0,18355837482,19.0,8.9,5.6,45.4,349.0,33.7,25,50000000,0.00229064,367.12,일반/기타,0.22,2.29
영광불갑산상사화축제,2019,161083,16108,20190913,20190922,10,2,6,1,2019,11989.0,159465.0,25687132811,12.5,7.7,5.5,55.1,328.0,34.4,23,50000000,0.00322166,513.74,일반/기타,0.31,3.22
영광불갑산상사화축제,2020,61328,6132,20200913,20200922,10,0,2,1,2020,8972.0,51141.0,3136399779,11.4,17.2,6.4,58.3,431.0,28.7,39,20000000,0.0030664,156.82,일반/기타,0.11,3.07
영광불갑산상사화축제,2021,61848,6184,20210913,20210922,10,2,5,1,2021,15370.0,175227.0,10837488974,22.6,24.6,6.1,64.8,185.0,33.3,24,20000000,0.0030924,541.87,일반/기타,0.11,3.09
영광불갑산상사화축제,2022,102777,10277,20220913,20220922,10,2,6,1,2022,16323.0,16323.0,1677659804,18.4,5.8,1.9,58.1,243.0,30.5,11,40000000,0.002569425,41.94,일반/기타,0.19,2.57
영광불갑산상사화축제,2023,81390,8139,20230913,20230922,10,2,2,1,2023,16083.0,16083.0,1309011648,10.6,13.0,8.6,71.1,401.0,26.5,31,30000000,0.002713,43.63,일반/기타,0.15,2.71
영광불갑산상사화축제,2024,108162,10816,20240913,20240922,10,0,3,1,2024,14792.0,112421.0,12159723466,14.8,6.3,8.5,62.0,267.0,28.2,39,40000000,0.00270405,303.99,일반/기타,0.2,2.7
영산강서창들녘억새축제,2017,104374,17395,20170510,20170515,6,1,5,1,2017,12443.0,141850.0,14805545836,18.8,18.6,6.8,59.9,150.0,33.5,17,70000000,0.0014910571428571,211.51,일반/기타,0.2,1.49
영산강서창들녘억새축제,2018,247776,49555,20180411,20180415,5,2,4,1,2018,13266.0,126033.0,31228051718,22.3,16.5,5.8,45.6,50.0,34.3,31,110000000,0.002252509090909,283.89,일반/기타,0.49,2.25
영산강서창들녘억새축제,2019,124632,20772,20190413,20190418,6,2,5,1,2019,10482.0,119495.0,14893000545,22.1,15.7,8.6,84.6,50.0,31.5,34,80000000,0.0015579,186.16,일반/기타,0.24,1.56
영산강서창들녘억새축제,2020,8481,2827,20201011,20201013,3,2,2,1,2020,17280.0,17280.0,146553376,20.3,10.0,8.3,70.4,341.0,33.2,38,0,0.001822625,148.56,일반/기타,0.0,1.82
영산강서창들녘억새축제,2021,54791,10958,20210920,20210924,5,1,4,1,2021,10608.0,100782.0,5521962999,24.4,13.8,7.7,81.4,244.0,24.7,27,30000000,0.0018263666666666,184.07,일반/기타,0.09,1.83
영산강서창들녘억새축제,2022,152890,25481,20220420,20220425,6,2,5,1,2022,18230.0,207830.0,31775266301,18.3,35.1,5.7,72.4,516.0,33.1,21,100000000,0.0015289,317.75,일반/기타,0.29,1.53
영산강서창들녘억새축제,2023,307199,43885,20230316,20230322,7,2,6,1,2023,17925.0,238405.0,73237839034,19.9,47.0,7.0,59.8,68.0,22.6,15,120000000,0.0025599916666666,610.32,일반/기타,0.61,2.56
영산강서창들녘억새축제,2024,159131,22733,20240517,20240523,7,2,6,1,2024,19124.0,19124.0,3043237157,14.5,26.2,2.9,76.3,419.0,18.5,22,100000000,0.00159131,30.43,일반/기타,0.31,1.59
영산포홍어축제,2017,412066,82413,20170820,20170824,5,2,4,1,2017,12178.0,69598.0,3858173958,18.3,16.5,6.1,67.4,294.0,32.8,21,110000000,0.0037460545454545,35.07,음식/미식,0.82,3.75
영산포홍어축제,2018,225917,45183,20181012,20181016,5,2,4,1,2018,12178.0,69598.0,1547079616,18.3,16.5,6.1,67.4,294.0,32.8,21,70000000,0.0032273857142857,22.1,음식/미식,0.44,3.23
영산포홍어축제,2019,115254,16464,20190519,20190525,7,2,4,1,2019,12178.0,69598.0,1035096174,18.3,16.5,6.1,67.4,294.0,32.8,21,30000000,0.0038418,34.5,음식/미식,0.22,3.84
영산포홍어축제,2020,421638,70273,20201010,20201015,6,2,4,1,2020,12178.0,69598.0,2668546902,18.3,16.5,6.1,67.4,294.0,32.8,21,120000000,0.00351365,22.24,음식/미식,0.84,3.51
영산포홍어축제,2021,125934,25186,20210915,20210919,5,2,4,1,2021,12178.0,69598.0,942238188,18.3,16.5,6.1,67.4,294.0,32.8,21,40000000,0.00314835,23.56,음식/미식,0.24,3.15
영산포홍어축제,2022,459383,76563,20220519,20220524,6,2,4,1,2022,12178.0,69598.0,4427073971,18.3,16.5,6.1,67.4,294.0,32.8,21,140000000,0.0032813071428571,31.62,음식/미식,0.92,3.28
영산포홍어축제,2023,143088,20441,20230714,20230720,7,2,4,1,2023,12178.0,69598.0,1415426496,18.3,16.5,6.1,67.4,294.0,32.8,21,60000000,0.0023848,23.59,음식/미식,0.27,2.38
영산포홍어축제,2024,318441,106147,20240814,20240816,3,2,4,1,2024,12178.0,69598.0,2731905339,18.3,16.5,6.1,67.4,294.0,32.8,21,90000000,0.0035382333333333,30.35,음식/미식,0.63,3.54
영취산진달래축제,2017,327645,163822,20170323,20170324,2,2,4,1,2017,12178.0,69598.0,1715221575,18.3,16.5,6.1,67.4,294.0,32.8,21,180000000,0.00182025,9.53,자연/계절,0.65,1.82
영취산진달래축제,2018,435842,217921,20180323,20180324,2,2,4,1,2018,12178.0,69598.0,3294965520,18.3,16.5,6.1,67.4,294.0,32.8,21,220000000,0.0019811,14.98,자연/계절,0.87,1.98
영취산진달래축제,2019,237023,118511,20190323,20190324,2,2,4,1,2019,12178.0,69598.0,2097653550,18.3,16.5,6.1,67.4,294.0,32.8,21,120000000,0.0019751916666666,17.48,자연/계절,0.47,1.98
영취산진달래축제,2020,451005,225502,20200323,20200324,2,2,4,1,2020,12178.0,69598.0,4428869100,18.3,16.5,6.1,67.4,294.0,32.8,21,200000000,0.002255025,22.14,자연/계절,0.9,2.26
영취산진달래축제,2021,255002,127501,20210323,20210324,2,2,4,1,2021,12178.0,69598.0,1943370242,18.3,16.5,6.1,67.4,294.0,32.8,21,90000000,0.0028333555555555,21.59,자연/계절,0.5,2.83
영취산진달래축제,2022,314057,157028,20220323,20220324,2,2,4,1,2022,12178.0,69598.0,2339410593,18.3,16.5,6.1,67.4,294.0,32.8,21,160000000,0.00196285625,14.62,자연/계절,0.62,1.96
영취산진달래축제,2023,260359,130179,20230323,20230324,2,2,4,1,2023,12178.0,69598.0,2517671530,18.3,16.5,6.1,67.4,294.0,32.8,21,140000000,0.0018597071428571,17.98,자연/계절,0.51,1.86
영취산진달래축제,2024,167728,83864,20240323,20240324,2,2,4,1,2024,12178.0,69598.0,1350881312,18.3,16.5,6.1,67.4,294.0,32.8,21,70000000,0.0023961142857142,19.3,자연/계절,0.32,2.4
왕인문화축제,2017,492942,123235,20170328,20170331,4,2,4,1,2017,12178.0,69598.0,2740264578,18.3,16.5,6.1,67.4,294.0,32.8,21,230000000,0.0021432260869565,11.91,문화/역사,0.99,2.14
왕인문화축제,2018,214548,53637,20180328,20180331,4,2,4,1,2018,12178.0,69598.0,1789973964,18.3,16.5,6.1,67.4,294.0,32.8,21,80000000,0.00268185,22.37,문화/역사,0.42,2.68
왕인문화축제,2019,240734,60183,20190328,20190331,4,2,4,1,2019,12178.0,69598.0,1755913796,18.3,16.5,6.1,67.4,294.0,32.8,21,120000000,0.0020061166666666,14.63,문화/역사,0.47,2.01
왕인문화축제,2020,431186,107796,20200328,20200331,4,2,4,1,2020,12178.0,69598.0,3339104384,18.3,16.5,6.1,67.4,294.0,32.8,21,210000000,0.0020532666666666,15.9,문화/역사,0.86,2.05
왕인문화축제,2021,275150,68787,20210328,20210331,4,2,4,1,2021,12178.0,69598.0,1964846150,18.3,16.5,6.1,67.4,294.0,32.8,21,160000000,0.0017196875,12.28,문화/역사,0.54,1.72
왕인문화축제,2022,260196,65049,20220328,20220331,4,2,4,1,2022,12178.0,69598.0,2070899964,18.3,16.5,6.1,67.4,294.0,32.8,21,140000000,0.0018585428571428,14.79,문화/역사,0.51,1.86
왕인문화축제,2023,221172,55293,20230328,20230331,4,2,4,1,2023,12178.0,69598.0,1494459204,18.3,16.5,6.1,67.4,294.0,32.8,21,100000000,0.00221172,14.94,문화/역사,0.43,2.21
왕인문화축제,2024,310677,77669,20240328,20240331,4,2,4,1,2024,12178.0,69598.0,2438503773,18.3,16.5,6.1,67.4,294.0,32.8,21,190000000,0.0016351421052631,12.83,문화/역사,0.62,1.64
우주항공축제,2017,198818,66272,20170503,20170505,3,2,4,1,2017,12178.0,69598.0,1982016642,18.3,16.5,6.1,67.4,294.0,32.8,21,90000000,0.0022090888888888,22.02,일반/기타,0.39,2.21
우주항공축제,2018,311957,103985,20180503,20180505,3,2,4,1,2018,12178.0,69598.0,2225501238,18.3,16.5,6.1,67.4,294.0,32.8,21,120000000,0.0025996416666666,18.55,일반/기타,0.62,2.6
우주항공축제,2019,441292,147097,20190503,20190505,3,2,4,1,2019,12178.0,69598.0,3163622348,18.3,16.5,6.1,67.4,294.0,32.8,21,190000000,0.0023225894736842,16.65,일반/기타,0.88,2.32
우주항공축제,2020,170316,56772,20200503,20200505,3,2,4,1,2020,12178.0,69598.0,1482089832,18.3,16.5,6.1,67.4,294.0,32.8,21,70000000,0.0024330857142857,21.17,일반/기타,0.33,2.43
우주항공축제,2021,320971,106990,20210503,20210505,3,2,4,1,2021,12178.0,69598.0,2243266319,18.3,16.5,6.1,67.4,294.0,32.8,21,140000000,0.00229265,16.02,일반/기타,0.64,2.29
우주항공축제,2022,365064,121688,20220503,20220505,3,2,4,1,2022,12178.0,69598.0,2909925144,18.3,16.5,6.1,67.4,294.0,32.8,21,170000000,0.0021474352941176,17.12,일반/기타,0.73,2.15
우주항공축제,2023,335612,111870,20230503,20230505,3,2,4,1,2023,12178.0,69598.0,1980782024,18.3,16.5,6.1,67.4,294.0,32.8,21,150000000,0.0022374133333333,13.21,일반/기타,0.67,2.24
우주항공축제,2024,232028,77342,20240503,20240505,3,2,4,1,2024,12178.0,69598.0,2230021108,18.3,16.5,6.1,67.4,294.0,32.8,21,100000000,0.00232028,22.3,일반/기타,0.46,2.32
운주문화축제,2017,375987,125329,20170918,20170920,3,2,4,1,2017,12178.0,69598.0,2352174672,18.3,16.5,6.1,67.4,294.0,32.8,21,110000000,0.0034180636363636,21.38,문화/역사,0.75,3.42
운주문화축제,2018,210133,42026,20180915,20180919,5,2,4,1,2018,12178.0,69598.0,1618654499,18.3,16.5,6.1,67.4,294.0,32.8,21,70000000,0.0030019,23.12,문화/역사,0.41,3.0
운주문화축제,2019,111023,18503,20190816,20190821,6,2,4,1,2019,12178.0,69598.0,629167341,18.3,16.5,6.1,67.4,294.0,32.8,21,30000000,0.0037007666666666,20.97,문화/역사,0.21,3.7
운주문화축제,2020,423673,105918,20200316,20200319,4,2,4,1,2020,12178.0,69598.0,2346724747,18.3,16.5,6.1,67.4,294.0,32.8,21,120000000,0.0035306083333333,19.56,문화/역사,0.85,3.53
운주문화축제,2021,366979,73395,20210917,20210921,5,2,4,1,2021,12178.0,69598.0,2755278332,18.3,16.5,6.1,67.4,294.0,32.8,21,80000000,0.0045872375,34.44,문화/역사,0.73,4.59
운주문화축제,2022,127532,25506,20221010,20221014,5,2,4,1,2022,12178.0,69598.0,1061576368,18.3,16.5,6.1,67.4,294.0,32.8,21,40000000,0.0031883,26.54,문화/역사,0.24,3.19
운주문화축제,2023,150990,50330,20230312,20230314,3,2,4,1,2023,12178.0,69598.0,756308910,18.3,16.5,6.1,67.4,294.0,32.8,21,60000000,0.0025165,12.61,문화/역사,0.29,2.52
운주문화축제,2024,326156,46593,20240915,20240921,7,2,4,1,2024,12178.0,69598.0,1961828340,18.3,16.5,6.1,67.4,294.0,32.8,21,90000000,0.0036239555555555,21.8,문화/역사,0.65,3.62
유달산봄축제,2017,493276,164425,20170329,20170331,3,2,4,1,2017,12178.0,69598.0,3274859364,18.3,16.5,6.1,67.4,294.0,32.8,21,160000000,0.003082975,20.47,자연/계절,0.99,3.08
유달산봄축제,2018,124354,41451,20180329,20180331,3,2,4,1,2018,12178.0,69598.0,1065589426,18.3,16.5,6.1,67.4,294.0,32.8,21,30000000,0.0041451333333333,35.52,자연/계절,0.24,4.15
유달산봄축제,2019,306258,102086,20190329,20190331,3,2,4,1,2019,12178.0,69598.0,2242421076,18.3,16.5,6.1,67.4,294.0,32.8,21,90000000,0.0034028666666666,24.92,자연/계절,0.61,3.4
유달산봄축제,2020,431770,143923,20200329,20200331,3,2,4,1,2020,12178.0,69598.0,3455887080,18.3,16.5,6.1,67.4,294.0,32.8,21,110000000,0.0039251818181818,31.42,자연/계절,0.86,3.93
유달산봄축제,2021,456150,152050,20210329,20210331,3,2,4,1,2021,12178.0,69598.0,4154158050,18.3,16.5,6.1,67.4,294.0,32.8,21,130000000,0.0035088461538461,31.96,자연/계절,0.91,3.51
유달산봄축제,2022,302503,100834,20220329,20220331,3,2,4,1,2022,12178.0,69598.0,2466004456,18.3,16.5,6.1,67.4,294.0,32.8,21,70000000,0.0043214714285714,35.23,자연/계절,0.6,4.32
유달산봄축제,2023,205423,68474,20230329,20230331,3,2,4,1,2023,12178.0,69598.0,1792521098,18.3,16.5,6.1,67.4,294.0,32.8,21,50000000,0.00410846,35.85,자연/계절,0.4,4.11
유달산봄축제,2024,484876,161625,20240329,20240331,3,2,4,1,2024,12178.0,69598.0,2446684296,18.3,16.5,6.1,67.4,294.0,32.8,21,140000000,0.0034634,17.48,자연/계절,0.97,3.46
유자축제,2017,392822,130940,20171101,20171103,3,2,4,1,2017,12178.0,69598.0,2092562794,18.3,16.5,6.1,67.4,294.0,32.8,21,140000000,0.0028058714285714,14.95,음식/미식,0.78,2.81
유자축제,2018,434402,144800,20181101,20181103,3,2,4,1,2018,12178.0,69598.0,3768437350,18.3,16.5,6.1,67.4,294.0,32.8,21,160000000,0.0027150125,23.55,음식/미식,0.87,2.72
유자축제,2019,134911,44970,20191101,20191103,3,2,4,1,2019,12178.0,69598.0,1211905513,18.3,16.5,6.1,67.4,294.0,32.8,21,60000000,0.0022485166666666,20.2,음식/미식,0.26,2.25
유자축제,2020,186925,62308,20201101,20201103,3,2,4,1,2020,12178.0,69598.0,1761768125,18.3,16.5,6.1,67.4,294.0,32.8,21,80000000,0.0023365625,22.02,음식/미식,0.36,2.34
유자축제,2021,284466,94822,20211101,20211103,3,2,4,1,2021,12178.0,69598.0,1682331924,18.3,16.5,6.1,67.4,294.0,32.8,21,120000000,0.00237055,14.02,음식/미식,0.56,2.37
유자축제,2022,481009,160336,20221101,20221103,3,2,4,1,2022,12178.0,69598.0,3328582280,18.3,16.5,6.1,67.4,294.0,32.8,21,180000000,0.0026722722222222,18.49,음식/미식,0.96,2.67
유자축제,2023,203145,67715,20231101,20231103,3,2,4,1,2023,12178.0,69598.0,1991227290,18.3,16.5,6.1,67.4,294.0,32.8,21,100000000,0.00203145,19.91,음식/미식,0.4,2.03
유자축제,2024,114596,38198,20241101,20241103,3,2,4,1,2024,12178.0,69598.0,719548284,18.3,16.5,6.1,67.4,294.0,32.8,21,40000000,0.0028649,17.99,음식/미식,0.22,2.86
장보고수산물축제,2017,164027,32805,20170810,20170814,5,2,4,1,2017,12178.0,69598.0,1404399174,18.3,16.5,6.1,67.4,294.0,32.8,21,60000000,0.0027337833333333,23.41,음식/미식,0.32,2.73
장보고수산물축제,2018,487061,121765,20180717,20180720,4,2,4,1,2018,12178.0,69598.0,3201451953,18.3,16.5,6.1,67.4,294.0,32.8,21,180000000,0.0027058944444444,17.79,음식/미식,0.97,2.71
장보고수산물축제,2019,471931,157310,20190815,20190817,3,2,4,1,2019,12178.0,69598.0,2947681026,18.3,16.5,6.1,67.4,294.0,32.8,21,160000000,0.00294956875,18.42,음식/미식,0.94,2.95
장보고수산물축제,2020,227896,75965,20200715,20200717,3,2,4,1,2020,12178.0,69598.0,1825219064,18.3,16.5,6.1,67.4,294.0,32.8,21,80000000,0.0028487,22.82,음식/미식,0.45,2.85
장보고수산물축제,2021,273672,91224,20210818,20210820,3,2,4,1,2021,12178.0,69598.0,2548433664,18.3,16.5,6.1,67.4,294.0,32.8,21,100000000,0.00273672,25.48,음식/미식,0.54,2.74
장보고수산물축제,2022,409001,58428,20220819,20220825,7,2,4,1,2022,12178.0,69598.0,3577531747,18.3,16.5,6.1,67.4,294.0,32.8,21,120000000,0.0034083416666666,29.81,음식/미식,0.82,3.41
장보고수산물축제,2023,379297,54185,20230718,20230724,7,2,4,1,2023,12178.0,69598.0,2547358652,18.3,16.5,6.1,67.4,294.0,32.8,21,140000000,0.0027092642857142,18.2,음식/미식,0.75,2.71
장보고수산물축제,2024,109503,18250,20240713,20240718,6,2,4,1,2024,12178.0,69598.0,604675566,18.3,16.5,6.1,67.4,294.0,32.8,21,40000000,0.002737575,15.12,음식/미식,0.21,2.74
장성노란꽃잔치,2017,118335,23667,20170420,20170424,5,2,4,1,2017,13032.0,123804.0,14650405507,21.1,6.6,9.1,61.1,378.0,39.2,19,70000000,0.0016905,209.29,문화/역사,0.22,1.69
장성노란꽃잔치,2018,75549,10792,20180320,20180326,7,2,6,1,2018,6111.0,6111.0,461725268,25.8,7.3,4.9,93.8,403.0,20.1,18,50000000,0.00151098,9.23,문화/역사,0.14,1.51
장성노란꽃잔치,2019,165562,23651,20190413,20190419,7,2,6,1,2019,13085.0,13085.0,2166428438,19.7,51.3,3.9,75.8,270.0,27.1,27,80000000,0.002069525,27.08,문화/역사,0.32,2.07
장성노란꽃잔치,2020,35531,8882,20200418,20200421,4,0,3,1,2020,13141.0,99875.0,3548669284,14.4,44.0,4.5,92.6,266.0,42.7,5,30000000,0.0011843666666666,118.29,문화/역사,0.06,1.18
장성노란꽃잔치,2021,51622,17207,20210419,20210421,3,2,2,1,2021,12468.0,12468.0,643669555,22.1,11.5,9.3,67.1,458.0,30.6,27,40000000,0.00129055,16.09,문화/역사,0.09,1.29
장성노란꽃잔치,2022,31153,10384,20220513,20220515,3,0,2,1,2022,11824.0,11824.0,368365533,22.4,17.4,5.4,43.3,395.0,19.8,23,20000000,0.00155765,18.42,문화/역사,0.05,1.56
장성노란꽃잔치,2023,44033,11008,20230410,20230413,4,1,3,1,2023,12836.0,12836.0,565211991,13.9,14.5,5.1,73.2,247.0,37.5,13,40000000,0.001100825,14.13,문화/역사,0.07,1.1
장성노란꽃잔치,2024,90466,15077,20240318,20240323,6,1,5,1,2024,15548.0,177248.0,16034971847,18.8,11.8,4.1,90.7,328.0,36.8,25,60000000,0.0015077666666666,267.25,문화/역사,0.17,1.51
적벽문화축제,2017,182745,26106,20170920,20170926,7,2,4,1,2017,12178.0,69598.0,1190766420,18.3,16.5,6.1,67.4,294.0,32.8,21,80000000,0.0022843125,14.88,문화/역사,0.35,2.28
적벽문화축제,2018,468035,156011,20180512,20180514,3,2,4,1,2018,12178.0,69598.0,3907156180,18.3,16.5,6.1,67.4,294.0,32.8,21,110000000,0.0042548636363636,35.52,문화/역사,0.94,4.25
적벽문화축제,2019,138756,46252,20190417,20190419,3,2,4,1,2019,12178.0,69598.0,1105469052,18.3,16.5,6.1,67.4,294.0,32.8,21,40000000,0.0034689,27.64,문화/역사,0.27,3.47
적벽문화축제,2020,445186,74197,20200517,20200522,6,2,4,1,2020,12178.0,69598.0,3179963598,18.3,16.5,6.1,67.4,294.0,32.8,21,100000000,0.00445186,31.8,문화/역사,0.89,4.45
적벽문화축제,2021,161476,26912,20210918,20210923,6,2,4,1,2021,12178.0,69598.0,1362857440,18.3,16.5,6.1,67.4,294.0,32.8,21,60000000,0.0026912666666666,22.71,문화/역사,0.31,2.69
적벽문화축제,2022,212856,42571,20221016,20221020,5,2,4,1,2022,12178.0,69598.0,2121748608,18.3,16.5,6.1,67.4,294.0,32.8,21,90000000,0.0023650666666666,23.57,문화/역사,0.42,2.37
적벽문화축제,2023,114397,19066,20230919,20230924,6,2,4,1,2023,12178.0,69598.0,655266016,18.3,16.5,6.1,67.4,294.0,32.8,21,20000000,0.00571985,32.76,문화/역사,0.22,5.72
적벽문화축제,2024,179459,29909,20240915,20240920,6,2,4,1,2024,12178.0,69598.0,1645818489,18.3,16.5,6.1,67.4,294.0,32.8,21,50000000,0.00358918,32.92,문화/역사,0.35,3.59
전국새우란축제,2017,235327,39221,20170416,20170421,6,2,4,1,2017,12178.0,69598.0,1840963121,18.3,16.5,6.1,67.4,294.0,32.8,21,100000000,0.00235327,18.41,일반/기타,0.46,2.35
전국새우란축제,2018,435938,72656,20180416,20180421,6,2,4,1,2018,12178.0,69598.0,3238147464,18.3,16.5,6.1,67.4,294.0,32.8,21,170000000,0.0025643411764705,19.05,일반/기타,0.87,2.56
전국새우란축제,2019,329189,54864,20190416,20190421,6,2,4,1,2019,12178.0,69598.0,2559115286,18.3,16.5,6.1,67.4,294.0,32.8,21,150000000,0.0021945933333333,17.06,일반/기타,0.65,2.19
전국새우란축제,2020,289648,48274,20200416,20200421,6,2,4,1,2020,12178.0,69598.0,2143684848,18.3,16.5,6.1,67.4,294.0,32.8,21,110000000,0.0026331636363636,19.49,일반/기타,0.57,2.63
전국새우란축제,2021,231733,38622,20210416,20210421,6,2,4,1,2021,12178.0,69598.0,1997306727,18.3,16.5,6.1,67.4,294.0,32.8,21,90000000,0.0025748111111111,22.19,일반/기타,0.45,2.57
전국새우란축제,2022,391126,65187,20220416,20220421,6,2,4,1,2022,12178.0,69598.0,2930707118,18.3,16.5,6.1,67.4,294.0,32.8,21,160000000,0.0024445375,18.32,일반/기타,0.78,2.44
전국새우란축제,2023,356911,59485,20230416,20230421,6,2,4,1,2023,12178.0,69598.0,3480596072,18.3,16.5,6.1,67.4,294.0,32.8,21,120000000,0.0029742583333333,29.0,일반/기타,0.71,2.97
전국새우란축제,2024,331055,55175,20240416,20240421,6,2,4,1,2024,12178.0,69598.0,3126152365,18.3,16.5,6.1,67.4,294.0,32.8,21,130000000,0.0025465769230769,24.05,일반/기타,0.66,2.55
전라병영성축제,2017,432415,144138,20170919,20170921,3,2,4,1,2017,12178.0,69598.0,3344730025,18.3,16.5,6.1,67.4,294.0,32.8,21,90000000,0.0048046111111111,37.16,문화/역사,0.86,4.8
전라병영성축제,2018,147333,21047,20180916,20180922,7,2,4,1,2018,12178.0,69598.0,819466146,18.3,16.5,6.1,67.4,294.0,32.8,21,30000000,0.0049111,27.32,문화/역사,0.28,4.91
전라병영성축제,2019,149377,21339,20190316,20190322,7,2,4,1,2019,12178.0,69598.0,1477786661,18.3,16.5,6.1,67.4,294.0,32.8,21,50000000,0.00298754,29.56,문화/역사,0.29,2.99
전라병영성축제,2020,469599,156533,20201015,20201017,3,2,4,1,2020,12178.0,69598.0,4483731252,18.3,16.5,6.1,67.4,294.0,32.8,21,110000000,0.0042690818181818,40.76,문화/역사,0.94,4.27
전라병영성축제,2021,471760,157253,20210314,20210316,3,2,4,1,2021,12178.0,69598.0,2945197680,18.3,16.5,6.1,67.4,294.0,32.8,21,130000000,0.003628923076923,22.66,문화/역사,0.94,3.63
전라병영성축제,2022,398356,79671,20220515,20220519,5,2,4,1,2022,12178.0,69598.0,2414037360,18.3,16.5,6.1,67.4,294.0,32.8,21,100000000,0.00398356,24.14,문화/역사,0.79,3.98
전라병영성축제,2023,231373,33053,20230817,20230823,7,2,4,1,2023,12178.0,69598.0,1297077038,18.3,16.5,6.1,67.4,294.0,32.8,21,60000000,0.0038562166666666,21.62,문화/역사,0.45,3.86
전라병영성축제,2024,224019,32002,20240714,20240720,7,2,4,1,2024,12178.0,69598.0,1339633620,18.3,16.5,6.1,67.4,294.0,32.8,21,70000000,0.0032002714285714,19.14,문화/역사,0.44,3.2
전통숯불구이축제,2017,123289,24657,20170818,20170822,5,2,4,1,2017,12178.0,69598.0,923311321,18.3,16.5,6.1,67.4,294.0,32.8,21,50000000,0.00246578,18.47,문화/역사,0.23,2.47
전통숯불구이축제,2018,109540,15648,20181019,20181025,7,2,4,1,2018,12178.0,69598.0,1052788940,18.3,16.5,6.1,67.4,294.0,32.8,21,30000000,0.0036513333333333,35.09,문화/역사,0.21,3.65
전통숯불구이축제,2019,466326,116581,20190413,20190416,4,2,4,1,2019,12178.0,69598.0,4472998992,18.3,16.5,6.1,67.4,294.0,32.8,21,120000000,0.00388605,37.27,문화/역사,0.93,3.89
전통숯불구이축제,2020,249143,41523,20200812,20200817,6,2,4,1,2020,12178.0,69598.0,2179004678,18.3,16.5,6.1,67.4,294.0,32.8,21,90000000,0.0027682555555555,24.21,문화/역사,0.49,2.77
전통숯불구이축제,2021,463186,92637,20210911,20210915,5,2,4,1,2021,12178.0,69598.0,4128376818,18.3,16.5,6.1,67.4,294.0,32.8,21,140000000,0.0033084714285714,29.49,문화/역사,0.93,3.31
전통숯불구이축제,2022,208940,34823,20220717,20220722,6,2,4,1,2022,12178.0,69598.0,1749454620,18.3,16.5,6.1,67.4,294.0,32.8,21,80000000,0.00261175,21.87,문화/역사,0.41,2.61
전통숯불구이축제,2023,200386,66795,20230713,20230715,3,2,4,1,2023,12178.0,69598.0,1840545410,18.3,16.5,6.1,67.4,294.0,32.8,21,60000000,0.0033397666666666,30.68,문화/역사,0.39,3.34
전통숯불구이축제,2024,437497,109374,20240914,20240917,4,2,4,1,2024,12178.0,69598.0,2237359658,18.3,16.5,6.1,67.4,294.0,32.8,21,110000000,0.0039772454545454,20.34,문화/역사,0.87,3.98
지리산피아골단풍축제,2017,230330,32904,20171019,20171025,7,2,4,1,2017,12178.0,69598.0,2097384980,18.3,16.5,6.1,67.4,294.0,32.8,21,50000000,0.0046066,41.95,자연/계절,0.45,4.61
지리산피아골단풍축제,2018,176325,44081,20180913,20180916,4,2,4,1,2018,12178.0,69598.0,1295812425,18.3,16.5,6.1,67.4,294.0,32.8,21,40000000,0.004408125,32.4,자연/계절,0.34,4.41
지리산피아골단풍축제,2019,225885,56471,20190917,20190920,4,2,4,1,2019,12178.0,69598.0,1351695840,18.3,16.5,6.1,67.4,294.0,32.8,21,70000000,0.0032269285714285,19.31,자연/계절,0.44,3.23
지리산피아골단풍축제,2020,389450,64908,20200916,20200921,6,2,4,1,2020,12178.0,69598.0,3680691950,18.3,16.5,6.1,67.4,294.0,32.8,21,100000000,0.0038945,36.81,자연/계절,0.78,3.89
지리산피아골단풍축제,2021,466407,116601,20210916,20210919,4,2,4,1,2021,12178.0,69598.0,3757374792,18.3,16.5,6.1,67.4,294.0,32.8,21,120000000,0.003886725,31.31,자연/계절,0.93,3.89
지리산피아골단풍축제,2022,417320,83464,20220920,20220924,5,2,4,1,2022,12178.0,69598.0,3560991560,18.3,16.5,6.1,67.4,294.0,32.8,21,110000000,0.0037938181818181,32.37,자연/계절,0.83,3.79
지리산피아골단풍축제,2023,278954,92984,20231011,20231013,3,2,4,1,2023,12178.0,69598.0,2192857394,18.3,16.5,6.1,67.4,294.0,32.8,21,90000000,0.0030994888888888,24.37,자연/계절,0.55,3.1
지리산피아골단풍축제,2024,232717,38786,20241011,20241016,6,2,4,1,2024,12178.0,69598.0,1444008985,18.3,16.5,6.1,67.4,294.0,32.8,21,60000000,0.0038786166666666,24.07,자연/계절,0.46,3.88
지역축제,2017,104263,26065,20170420,20170423,4,2,4,1,2017,12178.0,69598.0,568650402,18.3,16.5,6.1,67.4,294.0,32.8,21,30000000,0.0034754333333333,18.96,일반/기타,0.19,3.48
지역축제,2018,463476,77246,20180717,20180722,6,2,4,1,2018,12178.0,69598.0,4540674372,18.3,16.5,6.1,67.4,294.0,32.8,21,120000000,0.0038623,37.84,일반/기타,0.93,3.86
지역축제,2019,201371,40274,20190312,20190316,5,2,4,1,2019,12178.0,69598.0,1767231896,18.3,16.5,6.1,67.4,294.0,32.8,21,60000000,0.0033561833333333,29.45,일반/기타,0.39,3.36
지역축제,2020,153276,21896,20200413,20200419,7,2,4,1,2020,12178.0,69598.0,1356492600,18.3,16.5,6.1,67.4,294.0,32.8,21,40000000,0.0038319,33.91,일반/기타,0.29,3.83
지역축제,2021,322320,64464,20210715,20210719,5,2,4,1,2021,12178.0,69598.0,2531501280,18.3,16.5,6.1,67.4,294.0,32.8,21,110000000,0.0029301818181818,23.01,일반/기타,0.64,2.93
지역축제,2022,284374,40624,20220718,20220724,7,2,4,1,2022,12178.0,69598.0,1929477590,18.3,16.5,6.1,67.4,294.0,32.8,21,100000000,0.00284374,19.29,일반/기타,0.56,2.84
지역축제,2023,214130,42826,20230913,20230917,5,2,4,1,2023,12178.0,69598.0,1910039600,18.3,16.5,6.1,67.4,294.0,32.8,21,70000000,0.003059,27.29,일반/기타,0.42,3.06
지역축제,2024,232596,77532,20240313,20240315,3,2,4,1,2024,12178.0,69598.0,1707952428,18.3,16.5,6.1,67.4,294.0,32.8,21,80000000,0.00290745,21.35,일반/기타,0.46,2.91
창평전통음식축제,2017,281372,70343,20170315,20170318,4,2,4,1,2017,12178.0,69598.0,1889412980,18.3,16.5,6.1,67.4,294.0,32.8,21,140000000,0.0020098,13.5,문화/역사,0.56,2.01
창평전통음식축제,2018,457429,91485,20180415,20180419,5,2,4,1,2018,12178.0,69598.0,3426600639,18.3,16.5,6.1,67.4,294.0,32.8,21,250000000,0.001829716,13.71,문화/역사,0.91,1.83
창평전통음식축제,2019,351451,58575,20190918,20190923,6,2,4,1,2019,12178.0,69598.0,1758660804,18.3,16.5,6.1,67.4,294.0,32.8,21,160000000,0.00219656875,10.99,문화/역사,0.7,2.2
창평전통음식축제,2020,297484,49580,20200512,20200517,6,2,4,1,2020,12178.0,69598.0,2719598728,18.3,16.5,6.1,67.4,294.0,32.8,21,110000000,0.0027044,24.72,문화/역사,0.59,2.7
창평전통음식축제,2021,379163,94790,20210911,20210914,4,2,4,1,2021,12178.0,69598.0,2537737959,18.3,16.5,6.1,67.4,294.0,32.8,21,180000000,0.0021064611111111,14.1,문화/역사,0.75,2.11
창평전통음식축제,2022,444894,88978,20220510,20220514,5,2,4,1,2022,12178.0,69598.0,3859455450,18.3,16.5,6.1,67.4,294.0,32.8,21,200000000,0.00222447,19.3,문화/역사,0.89,2.22
창평전통음식축제,2023,452996,113249,20230415,20230418,4,2,4,1,2023,12178.0,69598.0,2317527536,18.3,16.5,6.1,67.4,294.0,32.8,21,230000000,0.0019695478260869,10.08,문화/역사,0.9,1.97
창평전통음식축제,2024,200235,28605,20241012,20241018,7,2,4,1,2024,12178.0,69598.0,1334366040,18.3,16.5,6.1,67.4,294.0,32.8,21,90000000,0.0022248333333333,14.83,문화/역사,0.39,2.22
천년나주목읍성문화축제,2017,268152,38307,20170410,20170416,7,2,4,1,2017,12178.0,69598.0,1650475560,18.3,16.5,6.1,67.4,294.0,32.8,21,110000000,0.0024377454545454,15.0,문화/역사,0.53,2.44
천년나주목읍성문화축제,2018,119870,23974,20180420,20180424,5,2,4,1,2018,12178.0,69598.0,949730010,18.3,16.5,6.1,67.4,294.0,32.8,21,50000000,0.0023974,18.99,문화/역사,0.23,2.4
천년나주목읍성문화축제,2019,387433,96858,20190414,20190417,4,2,4,1,2019,12178.0,69598.0,3332698666,18.3,16.5,6.1,67.4,294.0,32.8,21,160000000,0.00242145625,20.83,문화/역사,0.77,2.42
천년나주목읍성문화축제,2020,186188,26598,20200911,20200917,7,2,4,1,2020,12178.0,69598.0,1833765612,18.3,16.5,6.1,67.4,294.0,32.8,21,90000000,0.0020687555555555,20.38,문화/역사,0.36,2.07
천년나주목읍성문화축제,2021,130355,21725,20210512,20210517,6,2,4,1,2021,12178.0,69598.0,711086525,18.3,16.5,6.1,67.4,294.0,32.8,21,70000000,0.0018622142857142,10.16,문화/역사,0.25,1.86
천년나주목읍성문화축제,2022,442363,147454,20221020,20221022,3,2,4,1,2022,12178.0,69598.0,2748843682,18.3,16.5,6.1,67.4,294.0,32.8,21,200000000,0.002211815,13.74,문화/역사,0.88,2.21
천년나주목읍성문화축제,2023,398539,56934,20230713,20230719,7,2,4,1,2023,12178.0,69598.0,2730789228,18.3,16.5,6.1,67.4,294.0,32.8,21,140000000,0.0028467071428571,19.51,문화/역사,0.79,2.85
천년나주목읍성문화축제,2024,455540,91108,20240515,20240519,5,2,4,1,2024,12178.0,69598.0,3558222940,18.3,16.5,6.1,67.4,294.0,32.8,21,180000000,0.0025307777777777,19.77,문화/역사,0.91,2.53
청산도슬로걷기축제,2017,204576,13638,20170406,20170420,15,2,4,1,2017,12178.0,69598.0,1139692896,18.3,16.5,6.1,67.4,294.0,32.8,21,80000000,0.0025572,14.25,체험/레저,0.4,2.56
청산도슬로걷기축제,2018,320169,21344,20180406,20180420,15,2,4,1,2018,12178.0,69598.0,2848543593,18.3,16.5,6.1,67.4,294.0,32.8,21,180000000,0.0017787166666666,15.83,체험/레저,0.63,1.78
청산도슬로걷기축제,2019,489878,32658,20190406,20190420,15,2,4,1,2019,12178.0,69598.0,2829045450,18.3,16.5,6.1,67.4,294.0,32.8,21,230000000,0.002129904347826,12.3,체험/레저,0.98,2.13
청산도슬로걷기축제,2020,280302,18686,20200406,20200420,15,2,4,1,2020,12178.0,69598.0,2501975652,18.3,16.5,6.1,67.4,294.0,32.8,21,160000000,0.0017518875,15.64,체험/레저,0.55,1.75
청산도슬로걷기축제,2021,130111,8674,20210406,20210420,15,2,4,1,2021,12178.0,69598.0,930033428,18.3,16.5,6.1,67.4,294.0,32.8,21,50000000,0.00260222,18.6,체험/레저,0.25,2.6
청산도슬로걷기축제,2022,423064,28204,20220406,20220420,15,2,4,1,2022,12178.0,69598.0,3577429184,18.3,16.5,6.1,67.4,294.0,32.8,21,210000000,0.0020145904761904,17.04,체험/레저,0.84,2.01
청산도슬로걷기축제,2023,189570,12638,20230406,20230420,15,2,4,1,2023,12178.0,69598.0,1264052760,18.3,16.5,6.1,67.4,294.0,32.8,21,100000000,0.0018957,12.64,체험/레저,0.37,1.9
청산도슬로걷기축제,2024,241214,16080,20240406,20240420,15,2,4,1,2024,12178.0,69598.0,1609862236,18.3,16.5,6.1,67.4,294.0,32.8,21,130000000,0.0018554923076923,12.38,체험/레저,0.47,1.86
하맥축제,2017,264827,52965,20171012,20171016,5,2,4,1,2017,12178.0,69598.0,1496007723,18.3,16.5,6.1,67.4,294.0,32.8,21,100000000,0.00264827,14.96,일반/기타,0.52,2.65
하맥축제,2018,369565,123188,20181017,20181019,3,2,4,1,2018,12178.0,69598.0,2132020485,18.3,16.5,6.1,67.4,294.0,32.8,21,180000000,0.0020531388888888,11.84,일반/기타,0.73,2.05
하맥축제,2019,357681,71536,20190314,20190318,5,2,4,1,2019,12178.0,69598.0,2352467937,18.3,16.5,6.1,67.4,294.0,32.8,21,150000000,0.00238454,15.68,일반/기타,0.71,2.38
하맥축제,2020,329104,65820,20200420,20200424,5,2,4,1,2020,12178.0,69598.0,2748347504,18.3,16.5,6.1,67.4,294.0,32.8,21,130000000,0.0025315692307692,21.14,일반/기타,0.65,2.53
하맥축제,2021,400611,100152,20211018,20211021,4,2,4,1,2021,12178.0,69598.0,2453742375,18.3,16.5,6.1,67.4,294.0,32.8,21,190000000,0.0021084789473684,12.91,일반/기타,0.8,2.11
하맥축제,2022,270604,45100,20220512,20220517,6,2,4,1,2022,12178.0,69598.0,2662472756,18.3,16.5,6.1,67.4,294.0,32.8,21,120000000,0.0022550333333333,22.19,일반/기타,0.53,2.26
하맥축제,2023,378600,126200,20230416,20230418,3,2,4,1,2023,12178.0,69598.0,2617640400,18.3,16.5,6.1,67.4,294.0,32.8,21,160000000,0.00236625,16.36,일반/기타,0.75,2.37
하맥축제,2024,477539,68219,20240715,20240721,7,2,4,1,2024,12178.0,69598.0,4160797307,18.3,16.5,6.1,67.4,294.0,32.8,21,210000000,0.0022739952380952,19.81,일반/기타,0.95,2.27
함평나비축제,2017,21648,3608,20171019,20171024,6,1,5,1,2017,13587.0,13587.0,294135705,23.0,13.3,6.8,53.7,294.0,45.9,8,10000000,0.0021648,29.41,자연/계절,0.03,2.16
함평나비축제,2018,110790,18465,20181019,20181024,6,2,5,1,2018,11642.0,11642.0,1289817180,21.5,22.9,6.4,70.4,119.0,47.4,39,70000000,0.0015827142857142,18.43,자연/계절,0.21,1.58
함평나비축제,2019,125937,20989,20190513,20190518,6,2,5,1,2019,7094.0,80876.0,10185331186,19.6,7.4,3.6,46.4,216.0,32.0,23,80000000,0.0015742125,127.32,자연/계절,0.24,1.57
함평나비축제,2020,103221,17203,20200910,20200915,6,1,5,1,2020,13097.0,13097.0,1351968013,18.6,32.2,5.4,46.1,404.0,45.7,18,50000000,0.00206442,27.04,자연/계절,0.19,2.06
함평나비축제,2021,66579,9511,20210517,20210523,7,2,6,1,2021,12163.0,12163.0,809813692,23.0,10.0,4.5,57.3,281.0,45.8,33,30000000,0.0022193,26.99,자연/계절,0.12,2.22
함평나비축제,2022,184625,36925,20220912,20220916,5,2,4,1,2022,14378.0,14378.0,2654575175,18.2,18.8,6.6,82.7,444.0,52.3,7,80000000,0.0023078125,33.18,자연/계절,0.36,2.31
함평나비축제,2023,60537,20179,20230916,20230918,3,1,2,1,2023,15874.0,90483.0,5477575424,16.2,2.6,3.9,77.9,180.0,31.5,39,30000000,0.0020179,182.59,자연/계절,0.11,2.02
함평나비축제,2024,98359,19671,20240420,20240424,5,2,4,1,2024,9931.0,9931.0,3661671273,14.6,2.9,5.7,72.0,290.0,46.2,7,60000000,0.0016393166666666,61.03,자연/계절,0.18,1.64
항구축제,2017,448413,149471,20170927,20170929,3,2,4,1,2017,12178.0,69598.0,3457264230,18.3,16.5,6.1,67.4,294.0,32.8,21,180000000,0.0024911833333333,19.21,일반/기타,0.9,2.49
항구축제,2018,142913,47637,20180927,20180929,3,2,4,1,2018,12178.0,69598.0,1391543881,18.3,16.5,6.1,67.4,294.0,32.8,21,50000000,0.00285826,27.83,일반/기타,0.27,2.86
항구축제,2019,482007,160669,20190927,20190929,3,2,4,1,2019,12178.0,69598.0,3436709910,18.3,16.5,6.1,67.4,294.0,32.8,21,200000000,0.002410035,17.18,일반/기타,0.96,2.41
항구축제,2020,325469,108489,20200927,20200929,3,2,4,1,2020,12178.0,69598.0,1757207131,18.3,16.5,6.1,67.4,294.0,32.8,21,140000000,0.0023247785714285,12.55,일반/기타,0.65,2.32
항구축제,2021,146851,48950,20210927,20210929,3,2,4,1,2021,12178.0,69598.0,1049690948,18.3,16.5,6.1,67.4,294.0,32.8,21,70000000,0.0020978714285714,15.0,일반/기타,0.28,2.1
항구축제,2022,374555,124851,20220927,20220929,3,2,4,1,2022,12178.0,69598.0,2437603940,18.3,16.5,6.1,67.4,294.0,32.8,21,160000000,0.00234096875,15.24,일반/기타,0.75,2.34
항구축제,2023,199071,66357,20230927,20230929,3,2,4,1,2023,12178.0,69598.0,1421167869,18.3,16.5,6.1,67.4,294.0,32.8,21,120000000,0.001658925,11.84,일반/기타,0.39,1.66
항구축제,2024,176373,58791,20240927,20240929,3,2,4,1,2024,12178.0,69598.0,1694062665,18.3,16.5,6.1,67.4,294.0,32.8,21,90000000,0.0019597,18.82,일반/기타,0.34,1.96
해남미남축제,2017,103039,17173,20171014,20171019,6,1,5,1,2017,9670.0,110243.0,11359379996,20.1,7.3,6.0,51.0,235.0,31.6,29,60000000,0.0017173166666666,189.32,일반/기타,0.19,1.72
해남미남축제,2018,121573,24314,20180711,20180715,5,1,4,1,2018,14785.0,14785.0,1797481119,16.8,12.0,4.8,42.6,506.0,25.0,30,60000000,0.0020262166666666,29.96,일반/기타,0.23,2.03
해남미남축제,2019,71427,14285,20191010,20191014,5,2,4,1,2019,19099.0,181447.0,5890824873,25.7,22.8,5.7,48.9,156.0,37.6,37,40000000,0.001785675,147.27,일반/기타,0.13,1.79
해남미남축제,2020,58183,8311,20200315,20200321,7,2,6,1,2020,10801.0,10801.0,628486947,16.2,18.4,4.8,94.3,50.0,31.4,5,40000000,0.001454575,15.71,일반/기타,0.1,1.45
해남미남축제,2021,164297,23471,20210711,20210717,7,2,6,1,2021,13379.0,177950.0,29236716868,19.1,44.6,7.8,67.6,221.0,37.8,12,70000000,0.0023471,417.67,일반/기타,0.32,2.35
해남미남축제,2022,72430,12071,20220810,20220815,6,2,5,1,2022,12238.0,139519.0,10105390142,23.0,22.2,7.1,54.3,475.0,24.6,10,50000000,0.0014486,202.11,일반/기타,0.13,1.45
해남미남축제,2023,95270,19054,20230411,20230415,5,2,4,1,2023,19099.0,181447.0,17286474744,25.7,22.8,5.7,48.9,156.0,37.6,37,60000000,0.0015878333333333,288.11,일반/기타,0.18,1.59
해남미남축제,2024,72505,10357,20240715,20240721,7,2,6,1,2024,12224.0,162591.0,11788703958,22.3,62.1,6.8,75.6,312.0,20.5,9,50000000,0.0014501,235.77,일반/기타,0.13,1.45
화순국화향연,2017,156919,31383,20170914,20170918,5,2,4,1,2017,11454.0,11454.0,1797381609,29.4,10.4,6.4,42.1,373.0,39.6,30,100000000,0.00156919,17.97,자연/계절,0.3,1.57
화순국화향연,2018,71049,11841,20180913,20180918,6,1,5,1,2018,16657.0,16657.0,1183512927,16.5,13.3,3.4,58.6,163.0,29.5,28,50000000,0.00142098,23.67,자연/계절,0.13,1.42
화순국화향연,2019,53840,17946,20191012,20191014,3,0,2,1,2019,8770.0,49993.0,2691644656,23.4,25.8,5.4,67.8,280.0,22.3,15,30000000,0.0017946666666666,89.72,자연/계절,0.09,1.79
화순국화향연,2020,60070,12014,20201012,20201016,5,1,4,1,2020,13241.0,13241.0,795410898,18.7,4.5,6.2,64.2,551.0,15.0,14,40000000,0.00150175,19.89,자연/계절,0.11,1.5
화순국화향연,2021,107010,35670,20211014,20211016,3,0,2,1,2021,12941.0,73764.0,10464087947,22.1,17.6,6.3,64.4,579.0,30.5,26,70000000,0.0015287142857142,149.49,자연/계절,0.2,1.53
화순국화향연,2022,145188,29037,20220915,20220919,5,2,4,1,2022,18214.0,173041.0,25123563820,17.5,1.8,4.6,63.8,446.0,41.7,22,90000000,0.0016132,279.15,자연/계절,0.28,1.61
화순국화향연,2023,209816,34969,20231018,20231023,6,2,5,1,2023,14471.0,164979.0,34615359753,14.6,8.8,8.5,66.0,315.0,35.7,23,100000000,0.00209816,346.15,자연/계절,0.41,2.1
화순국화향연,2024,340744,56790,20241010,20241015,6,2,5,1,2024,13531.0,154254.0,52561193124,20.5,29.4,10.1,87.9,222.0,31.3,34,110000000,0.0030976727272727,477.83,자연/계절,0.68,3.1
황토갯벌축제,2017,478097,79682,20170316,20170321,6,2,4,1,2017,12178.0,69598.0,4697781122,18.3,16.5,6.1,67.4,294.0,32.8,21,140000000,0.0034149785714285,33.56,일반/기타,0.96,3.41
황토갯벌축제,2018,485941,161980,20180512,20180514,3,2,4,1,2018,12178.0,69598.0,2859762785,18.3,16.5,6.1,67.4,294.0,32.8,21,160000000,0.00303713125,17.87,일반/기타,0.97,3.04
황토갯벌축제,2019,476826,119206,20190311,20190314,4,2,4,1,2019,12178.0,69598.0,3506101578,18.3,16.5,6.1,67.4,294.0,32.8,21,180000000,0.0026490333333333,19.48,일반/기타,0.95,2.65
황토갯벌축제,2020,124860,20810,20200415,20200420,6,2,4,1,2020,12178.0,69598.0,1092150420,18.3,16.5,6.1,67.4,294.0,32.8,21,50000000,0.0024972,21.84,일반/기타,0.24,2.5
황토갯벌축제,2021,462876,77146,20211010,20211015,6,2,4,1,2021,12178.0,69598.0,2327340528,18.3,16.5,6.1,67.4,294.0,32.8,21,100000000,0.00462876,23.27,일반/기타,0.92,4.63
황토갯벌축제,2022,357951,71590,20220920,20220924,5,2,4,1,2022,12178.0,69598.0,2686780206,18.3,16.5,6.1,67.4,294.0,32.8,21,70000000,0.0051135857142857,38.38,일반/기타,0.71,5.11
황토갯벌축제,2023,111745,27936,20230918,20230921,4,2,4,1,2023,12178.0,69598.0,933741220,18.3,16.5,6.1,67.4,294.0,32.8,21,30000000,0.0037248333333333,31.12,일반/기타,0.21,3.72
황토갯벌축제,2024,499756,166585,20240320,20240322,3,2,4,1,2024,12178.0,69598.0,2517770728,18.3,16.5,6.1,67.4,294.0,32.8,21,120000000,0.0041646333333333,20.98,일반/기타,1.0,4.16
회령포이순신축제,2017,438076,87615,20171012,20171016,5,2,4,1,2017,12178.0,69598.0,2988992548,18.3,16.5,6.1,67.4,294.0,32.8,21,200000000,0.00219038,14.94,문화/역사,0.87,2.19
회령포이순신축제,2018,414451,82890,20180520,20180524,5,2,4,1,2018,12178.0,69598.0,3638050878,18.3,16.5,6.1,67.4,294.0,32.8,21,180000000,0.0023025055555555,20.21,문화/역사,0.83,2.3
회령포이순신축제,2019,395900,56557,20190915,20190921,7,2,4,1,2019,12178.0,69598.0,3944747600,18.3,16.5,6.1,67.4,294.0,32.8,21,170000000,0.0023288235294117,23.2,문화/역사,0.79,2.33
회령포이순신축제,2020,294488,42069,20201010,20201016,7,2,4,1,2020,12178.0,69598.0,2846226520,18.3,16.5,6.1,67.4,294.0,32.8,21,130000000,0.0022652923076923,21.89,문화/역사,0.58,2.27
회령포이순신축제,2021,279362,93120,20211012,20211014,3,2,4,1,2021,12178.0,69598.0,1618064704,18.3,16.5,6.1,67.4,294.0,32.8,21,110000000,0.0025396545454545,14.71,문화/역사,0.55,2.54
회령포이순신축제,2022,380783,76156,20221019,20221023,5,2,4,1,2022,12178.0,69598.0,2515833281,18.3,16.5,6.1,67.4,294.0,32.8,21,150000000,0.0025385533333333,16.77,문화/역사,0.76,2.54
회령포이순신축제,2023,498992,71284,20230319,20230325,7,2,4,1,2023,12178.0,69598.0,4181552960,18.3,16.5,6.1,67.4,294.0,32.8,21,210000000,0.0023761523809523,19.91,문화/역사,1.0,2.38
회령포이순신축제,2024,343373,85843,20240518,20240521,4,2,4,1,2024,12178.0,69598.0,3242814612,18.3,16.5,6.1,67.4,294.0,32.8,21,140000000,0.0024526642857142,23.16,문화/역사,0.68,2.45
